scu,jurisdiction,file,owner,latitude,longitude,address,county,pole height,pole height comment,primary power,primary power comment,secondary power,secondary power comment,fiber dist panel,fiber dist panel comment,ac load panel,ac load panel comment,street sign,street sign comment,shroud,shroud comment,antenna,antenna comment,analysis_id
417352,CHICAGO CITY,CHPH34060_471352_As-Built-Node_NAT_Redline.pdf,XXXX,9999,9999,XXXX,XXXX,34.5,,,,,,23.5,,,,,,30.0,,,,6104d779f8892d9346eb47a7
434427,CHICAGO,CHPH34197_Elevation_NAT_Reviewed_As_Built.pdf,COMED,"41' 53' 53.88"" (41.898299)","-87 44' 18.82"" (-87.73856)",976 N KILBOURN AVE,XXXX,38.38,,37.33,,,,11.75,,14.7,,,,14.69,,44.92,,6104d4c1f8892d9346eb4788
469311,CHICAGO CITY,CHPH30011_SCU-469311_NAT_Reviewed_Redline-Node.pdf,XXXX,"42' 01' 0.77"" N (42.016881)","87' 40' 25.01"" W (-87.673615)",7440 N. ROGERS AVE.,XXXX,34.5,,,,,,,,,,,,30.0,,,,6104cbd8f8892d9346eb4715
469312,CHICAGO CITY,CHPH30012_SCU-469312_NAT_Reviewed_Redline-Node.pdf,XXXX,"42' 00' 58.35"" N (42.016208)","87º 40' 30.22"" W (-87.675061)",7407 N. ROGERS AVE.,XXXX,34.5,,,,,,,,,,,,30.0,,,,6104bf9ef8892d9346eb4682
469314,CHICAGO,CH2200BA_81LAB_Elevation_NAT_Reviewed_As_Built.pdf,COMED,42.014323,-87.672252,7321 N PAULINA ST,XXXX,38.75,,39.04,,,,17.02,,14.85,,,,16.29,,45.0,,6104bac1f8892d9346eb4645
469316,CHICAGO CITY,CH2351BA_81LAB_Elevation_NAT_Reviewed_As_Built.pdf,XXXX,"42' 00' 36.60"" N (42.010166)","87º 40' 12.10"" W (-87.670029)",7035 N. ASHLAND AVE.,XXXX,34.5,,,,,,,,,,,,30.0,,,,6104caa6f8892d9346eb4706
469319,CHICAGO,CH1537BA_51LAB_Elevation_NAT_Reviewed_As_Built.pdf,COMED,42.002106,-87.673812,1731 W WALLEN AVE,XXXX,39.58,,39.92,,,,18.83,,16.65,,9.0,,18.15,,46.08,,6104d32cf8892d9346eb4775
469320,CHICAGO,CH2300BA_11LAB_Elevation_NAT_Reviewed_As_Built.pdf,COMED,42.017171,-87.678371,1920 W FARGO AVE,XXXX,33.79,,33.54,,,,17.79,,15.56,,11.54,,17.02,,40.5,,6104c6ecf8892d9346eb46dc
469323,CHICAGO CITY,CHPH30057_SCU-469323_NAT_Reviewed_Redline-Node.pdf,XXXX,"42' 01' 09.23"" N (42.019231)","87º 42' 00.23"" W (-87.700065)",2811 HOWARD ST.,XXXX,34.5,,,,,,,,,,,,30.0,,,,6104d100f8892d9346eb4759
469329,CHICAGO CITY,CH2281BA_61LAB_Elevation_As_Built.pdf,XXXX,"42' 00' 02.99"" N (42.000830)","87º 41' 23.43"" W (-87.689840)",6540 N. WESTERN AVE.,XXXX,34.5,,,,,,23.5,,,,,,29.0,,,,6104ca78f8892d9346eb4704
469330,CHICAGO,CHPH30083_469330_Elevation_NAT_Reviewed_As_Built.pdf,COMED,9999,9999,XXXX,XXXX,32.62,,,,,,13.04,,14.98,,,,14.9,,38.92,,6104b3daf8892d9346eb45e9
469333,CHICAGO CITY,CHPH30095_SCU-469333_Redlines-Node.pdf,XXXX,"42' 00' 55.31"" N (42.015365)","87º 40' 36.54"" W (-87.676816)",7368 N. ROGERS AVE.,XXXX,34.5,,,,,,,,,,,,30.0,,,,6104b060f8892d9346eb45bd
469336,CHICAGO,CH1537BA_91LAB_Elevation_NAT_Approved_As_Built.pdf,COMED,41.996909,-87.674196,1762 W HIGHLAND AVE,XXXX,37.83,,38.25,,,,18.96,,16.77,,,,18.23,,44.17,,6104afd3f8892d9346eb45b7
469338,CHICAGO CITY,CHPH30116_469338_Redline-Node.pdf,XXXX,"41' 59' 12.73"" N (41.986870)","87º 39' 54.40"" W (-87.665110)",5806 N. GLENWOOD AVE.,XXXX,34.5,,,,,,,,,,,,29.0,,,,6104bd14f8892d9346eb4660
469343,CHICAGO,CHPH30130_469343_REDLINE-NODE.pdf,COMED,9999,9999,XXXX,XXXX,35.54,,33.54,,,,17.42,,15.23,,,,16.69,,39.67,,6104b5e2f8892d9346eb4608
469344,CHICAGO CITY,CHPH30133_SCU-469344_NAT_Reviewed_Redline-Node.pdf,XXXX,"41' 59' 25.39"" N (41.990387)","87 41' 30.99"" W (-87.691942)",2466 W. PETERSON AVE,XXXX,,,,,,,23.5,,,,,,,,29.48,,6104d147f8892d9346eb475c
469345,CHICAGO,CH1412BA_61LAB_Elevation_As_Built.pdf,COMED,41.984768,-87.696958,5686 N WASHTENAW AVE,XXXX,38.42,,31.5,,,,17.67,,14.96,,,,16.94,,45.5,,6104d2c8f8892d9346eb476e
469346,CHICAGO,CH1412BA_71LAB_Elevation_NAT_Reviewed_As_Built.pdf,COMED,41.984530,-87.693708,2569 W HOLLYWOOD AVE,XXXX,33.71,,33.62,,,,18.0,,15.81,,,,17.27,,40.5,,6104ca04f8892d9346eb46fe
469347,CHICAGO CITY,CHPH30143_SCU-469347_NAT_Revieweid_Redline-Node.pdf,XXXX,"41' 59' 13.66"" N (41.987128)","87 41' 22.82"" W (-87.689673)",5808 N WESTERN AVE.,XXXX,,,,,,,23.5,,,,,,,,29.48,,6104d81ff8892d9346eb47af
469348,CHICAGO,CHPH30145_SCU-469348_Redline-Node.pdf,COMED,9999,9999,XXXX,XXXX,36.25,,33.79,,,,17.33,,15.15,,,,16.6,,40.5,,6104d1e7f8892d9346eb4764
469352,CHICAGO CITY,CHPH30181_SCU-469352_Redlines-Node.pdf,XXXX,"41' 58' 08.81"" N (41.969115)","87º 39' 27.87"" W (-87.657743)",1100 W. LAWRENCE AVE.,XXXX,34.5,,,,,,23.5,,,,,,30.0,,,,6104ca14f8892d9346eb46ff
469366,CHICAGO,CHPH30249_SCU-469366_Redline-Node.pdf,COMED,9999,9999,XXXX,XXXX,33.54,,33.5,,,,10.25,,12.19,,,,12.1,,39.75,,6104caddf8892d9346eb4709
469369,CHICAGO,CH2218BA_61LAB_Elevation_As_Built.pdf,COMED,41.949303,-87.749546,4859 W GRACE ST,XXXX,34.0,,34.29,,,,16.12,,13.94,,,,24.44,,,,6104bd81f8892d9346eb4665
469370,CHICAGO,CHPH30375_SCU-469370_Redlines-Node.pdf,COMED,41.943489,-87.751428,4944 W NEWPORT AVE,XXXX,34.04,,,,,,17.08,,14.77,,,,16.35,,40.67,,6104cb16f8892d9346eb470c
469371,CHICAGO,CHPH30395_SCU-469371_Redlines-Node.pdf,COMED,9999,9999,XXXX,XXXX,33.33,,,,,,15.67,,14.23,,,,15.69,,40.17,,6104b64ff8892d9346eb460e
469374,CHICAGO,CH1416BA_21LAB_Elevation_As_Built_NAT_Redline.pdf,COMED,41.936957,-87.740014,4514 W BARRY AVE,XXXX,38.58,,39.0,,,,15.88,,13.69,,,,15.15,,45.08,,6104bfb7f8892d9346eb4683
469375,CHICAGO,CHPH30403_469375_NAT_Reviewed_Redline-Node.pdf,COMED,9999,9999,XXXX,XXXX,42.88,,40.83,,,,15.92,,13.71,,,,15.19,,49.08,,6104c0c5f8892d9346eb468f
469378,CHICAGO,CH1416BA_61LAB_Elevation_As_Built_NAT_Redline.pdf,COMED,41.930015,-87.740269,4520 W SCHUBERT AVE _,XXXX,33.42,,29.21,,,,17.92,,15.73,,,,17.19,,35.33,,6104daa4f8892d9346eb47ce
469380,CHICAGO,CHPH30562_SCU-469380_Redlines-Node.pdf,COMED,41.951906,-87.729953,4114 W BYRON ST,XXXX,38.33,,36.25,,,,9.75,,11.69,,,,11.6,,44.67,,6104d06ef8892d9346eb4751
469383,CHICAGO,CHPH30085_SCU-469383_Redline-Node.pdf,COMED,9999,9999,XXXX,XXXX,33.0,,33.0,,,,9.0,,11.6,,,,11.52,,39.08,,6104d292f8892d9346eb476b
469384,CHICAGO CITY,CHPH30115_SCU-469384_NAT_Redlined_As-Built.pdf,XXXX,"41' 59' 16.73"" N (41.987981)","87º 40' 01.32"" W (-87.667033)",5827 N. RIDGE BLVD.,XXXX,34.5,,,,,,,,,,,,29.0,,,,6104c70ff8892d9346eb46dd
469388,CHICAGO,CHPH30399_SCU-469388_Redlines-Node.pdf,COMED,9999,9999,XXXX,XXXX,36.04,,32.67,,,,17.58,,15.4,,,,16.85,,40.5,,6104be02f8892d9346eb466d
469390,CHICAGO CITY,CHPH30071_SCU-469390_Redlines-Node.pdf,XXXX,"42' 00' 44.26"" N (42.012295)","87º 41' 33.32"" W (-87.692589)",2444 W. TOUHY AVE.,XXXX,34.5,,,,,,23.5,,,,,,28.0,,,,6104c539f8892d9346eb46c6
469395,CHICAGO CITY,CHPH30161_SCU_469395_Redlines-Node.pdf,XXXX,"41' 58' 47.17"" N (41.979769)","87 40' 46.57"" W (-87.679602)",5400 N. DAMEN AVE.,XXXX,34.5,,,,,,23.5,,,,,,28.0,,,,6104b7faf8892d9346eb4623
469403,CHICAGO,CHPH30385_SCU-469403_Redlines-Node.pdf,COMED,41.938250,-87.754451,5104 W FLETCHER ST,XXXX,38.17,,38.58,,,,16.83,,14.65,,,,28.6,,,,6104aff8f8892d9346eb45b8
469405,CHICAGO,CHPH30393_SCU-469405_Redlines-Node.pdf,COMED,41.940136,-87.749854,4910 W MELROSE ST,XXXX,35.88,,34.29,,,,12.25,,10.06,,,,11.52,,40.5,,6104b171f8892d9346eb45cc
469409,CHICAGO,CH1424BA_71LAB_Elevation_NAT_Reviewed_As_Built.pdf,COMED,41.973453,-87.677104,1918 W WINNEMAC AVE,XXXX,38.0,,38.29,,,,17.04,,14.77,,8.5,,16.31,,44.58,,6104ca2cf8892d9346eb4700
469410,CHICAGO/COOK COUNTY,CHPH30417_SCU-469410_Redline-Node.pdf,COMED,41.968994,-87.695816,4815 N WASHTENAW AVE,XXXX,42.58,,41.42,,,,17.58,,15.31,,,,16.85,,48.67,,6104ca68f8892d9346eb4703
469411,CHICAGO,CH1333BA_21LAB_Elevation_As_Built_NAT_Redline.pdf,COMED,41.966598,-87.694225,2613 W LELAND AVE,XXXX,38.42,,37.88,,,,16.46,,14.19,,,,15.73,,44.92,,6104d364f8892d9346eb4777
469412,CHICAGO CITY,CH1333BA_31LAB_Elevation_As_Built.pdf,XXXX,"41' 58' 00.76"" N (41.966879)","87º 41' 15.43"" W (-87.687620)",4710 N. LINCOLN AVE.,XXXX,34.5,,,,,,23.5,,,,,,30.0,,,,6104d055f8892d9346eb4750
469413,CHICAGO,CH1424BA_81LAB_Elevation_As_Built.pdf,COMED,41.963169,-87.670045,1619 W SUNNYSIDE AVE,XXXX,36.17,,34.33,,,,18.0,,15.21,,8.17,,17.25,,40.58,,6104d44af8892d9346eb4783
469417,CHICAGO,CH1425BA_21LAB_Elevation_NAT_Reviewed_As_Built.pdf,COMED,41.966594,-87.676912,1913 W LELAND AVE,XXXX,47.38,,47.08,,,,11.58,,9.52,,,,10.85,,53.92,,6104d005f8892d9346eb474b
469419,CHICAGO,CH1333BA_61LAB_Elvation_NAT_Reviewed_As_Built.pdf,COMED,9999,9999,XXXX,XXXX,38.54,,38.5,,,,18.38,,16.1,,,,17.65,,45.25,,6104ba87f8892d9346eb4642
469420,CHICAGO,CHPH30450_SCU-469420_Redline-Node.pdf,COMED,41.958999,-87.691521,4255 N CAMPBELL AVE,XXXX,36.33,,34.0,,,,16.75,,14.48,,8.42,,16.02,,39.83,,6104c574f8892d9346eb46c9
469425,CHICAGO,CHPH30471_SCU-469425_Redline-Node.pdf,COMED,41.954613,-87.680658,2046 W IRVING PARK RD,XXXX,38.29,,38.04,,,,10.17,,12.1,,,,12.02,,44.67,,6104b52ef8892d9346eb45fe
469432,CHICAGO,CHPH30486_Elevation_NAT_Reviewed_As_Built.pdf,COMED,41.946394,-87.679562,3549 N SEELEY AVE,XXXX,38.0,,37.29,,,,15.75,,13.56,,,,15.02,,44.0,,6104beacf8892d9346eb4675
469445,CHICAGO,CHPH30573_SCU-469445_Redlines-Node.pdf,COMED,41.945977,-87.724508,3845 W ADDISON ST,XXXX,34.0,,33.79,,,,15.54,,13.06,,,,24.23,,,,6104c593f8892d9346eb46cb
469447,CHICAGO CITY,CHPH30575_SCU-469447_NAT_Reviewed_Redline-Node.pdf,XXXX,"41' 56' 46.95"" N (41.946374)","87º 43' 12.46"" W (-87.720127)",3705 W. ADDISON ST.,XXXX,34.5,,,,,,23.5,,,,,,29.0,,,,6104c1f9f8892d9346eb469f
469448,CHICAGO,CH1408BA_11LAB_NAT_Redlined_As-Built.pdf,COMED,9999,9999,XXXX,XXXX,33.62,,,,,,12.33,,14.29,,,,14.19,,39.92,,6104d162f8892d9346eb475d
469450,CHICAGO,CHPH30163_469450_NAT_Reviewed_REDLINE-NODE.pdf,COMED,9999,9999,XXXX,XXXX,38.67,,33.75,,,,10.33,,12.19,,,,12.19,,45.17,,6104c641f8892d9346eb46d4
469459,CHICAGO,CHPH30578_SCU-469459_Redlines-Node.pdf,COMED,41.944172,-87.718178,3450 N AVONDALE AVE,XXXX,38.58,,,,,,16.0,,13.81,,,,29.02,,,,6104b3acf8892d9346eb45e7
469471,CHICAGO CITY,CHPH30259_SCU-469471_Redlines-Node.pdf,XXXX,"41' 57' 46.26"" N (41.962850)","87 42' 47.77"" W (-87.713269)",4477 N. KIMBALL AVE.,XXXX,34.5,,,,,,23.5,,,,,,29.0,,,,6104c040f8892d9346eb4689
469473,CHICAGO,CHPH30262_SCU-469473_Redline-Node_-_As_Built.pdf,COMED,41.959266,-87.698985,2819 W CULLOM AVE,XXXX,38.5,,38.79,,,,16.96,,14.69,,,,16.23,,45.0,,6104bd59f8892d9346eb4663
469477,CHICAGO,CHPH30461_SCU-469477_Redlines-Node.pdf,COMED,9999,9999,XXXX,XXXX,34.0,,,,,,11.58,,13.52,,,,13.44,,40.5,,6104ae74f8892d9346eb45a7
469480,CHICAGO,CHPH30521_SCU-469480_Redlines-Node.pdf,COMED,41.948565,-87.698720,2816 W WAVELAND AVE,XXXX,33.75,,,,,,16.96,,14.77,,8.42,,16.23,,40.33,,6104b6eff8892d9346eb4616
469484,CHICAGO,CHPH30528_SCU-469484_Redlines-Node.pdf,COMED,9999,9999,XXXX,XXXX,34.96,,,,,,17.67,,14.73,,,,16.19,,40.25,,6104d85cf8892d9346eb47b2
469486,CHICAGO,CHPH30530_SCU-469486_Redline-Node.pdf,COMED,41.956824,-87.698912,4136 N CALIFORNIA AVE,XXXX,37.25,,37.54,,,,11.75,,9.52,,,,11.02,,43.75,,6104d3bef8892d9346eb477c
469487,CHICAGO,CH1504BA_61LAB_Elevation_As_Built-Node.pdf,COMED,9999,9999,XXXX,XXXX,34.0,,34.33,,,,13.19,,11.0,,,,24.44,,,,6104b5b2f8892d9346eb4605
469490,CHICAGO,CHPH30537_SCU-469490_Redlines-Node.pdf,COMED,"41' 57' 6.21"" (41.951725)","-87 42' 0.11"" (-87.700030)",3849 N FRANCISCO AVE,XXXX,35.83,,33.83,,,,10.42,,12.3,,,,12.27,,40.08,,6104d437f8892d9346eb4782
469491,CHICAGO,CHPH30538_SCU-469491_Redline-Node.pdf,COMED,41.952288,-87.702442,2938 W BYRON ST,XXXX,35.88,,34.33,,,,13.12,,10.83,,,,12.38,,40.5,,6104d016f8892d9346eb474d
469502,CHICAGO,CHPH30553_469502_REDLINE-NODE.pdf,COMED,9999,9999,XXXX,XXXX,34.0,,34.29,,,,12.75,,10.56,,,,24.44,,,,6104c3f5f8892d9346eb46b7
469505,CHICAGO,CHPH30557_SCU-469505_Redline-Node.pdf,COMED,9999,9999,XXXX,XXXX,35.33,,33.21,,,,15.88,,13.6,,,,15.15,,39.42,,6104b151f8892d9346eb45ca
469507,CHICAGO,CHPH30580_SCU-469507_Redlines-Node.pdf,COMED,9999,9999,XXXX,XXXX,34.0,,34.42,,30.0,,18.62,,16.42,,,,24.44,,,,6104d557f8892d9346eb4790
469508,CHICAGO,CHPH30582_Elevation_As_Built_NAT_Redline.pdf,COMED,41.942633,-87.722974,3609 W ROSCOE ST,XXXX,37.83,,37.25,,,,17.92,,15.73,,9.0,,28.27,,,,6104b602f8892d9346eb460a
469509,CHICAGO,CHPH30585_SCU-469509_Redline-Node.pdf,COMED,41.939645,-87.719567,3217 N LAWNDALE AVE,XXXX,37.5,,37.08,,,,18.5,,16.17,,,,27.6,,,,6104bb44f8892d9346eb464b
469511,CHICAGO,CHPH30587_SCU-469511_Redlines-Node.pdf,COMED,"41' 56' 32.44"" (41.942346)","-87 43' 00.67"" (-87.716852)",3558 W HENDERSON ST,XXXX,36.25,,33.5,,25.92,,11.75,,13.64,,7.67,,13.6,,40.5,,6104c5c6f8892d9346eb46cd
469519,CHICAGO,CHPH30603_469519_Elevation_As_Built.pdf,COMED,41.947530,-87.744789,3646 N KILPATRICK AVE,XXXX,36.42,,34.79,,,,18.42,,16.12,,,,17.69,,40.5,,6104af1ff8892d9346eb45af
469530,CHICAGO,CHPH30619_SCU-469530_Redlines-Node_-_NAT_Approved_as_built.pdf,COMED,9999,9999,XXXX,XXXX,33.58,,,,,,9.83,,11.79,,,,11.69,,39.58,,6104b0cbf8892d9346eb45c2
469533,CHICAGO CITY,CHPH30623_Elevation_Red_Lines-Node.pdf,XXXX,9999,9999,XXXX,XXXX,34.5,,,,,,23.5,,,,,,28.0,,,,6104b231f8892d9346eb45d4
469545,CHICAGO,CHPH30581_SCU-469545_NAT_Reviewed_Redline-Node.pdf,COMED,41.943006,-87.718145,3712 W ROSCOE ST,XXXX,34.0,,34.54,,,,16.5,,15.06,,9.0,,24.44,,,,6104cf9bf8892d9346eb4745
469546,CHICAGO,CH1408BA_51LAB_Elevation_As_Built_NAT_Redline.pdf,COMED,41.941138,-87.721708,3742 W SCHOOL ST,XXXX,34.0,,34.58,,,,17.42,,15.21,,,,24.44,,,,6104c3e2f8892d9346eb46b6
469557,CHICAGO,CHPH30295_SCU-469557_REDLINE-NODE.pdf,COMED,9999,9999,XXXX,XXXX,38.17,,38.5,,,,11.58,,13.52,,,,13.44,,44.75,,6104d27ff8892d9346eb476a
469563,CHICAGO,CHPH30304_SCU-469563_Redline-Node.pdf,COMED,9999,9999,XXXX,XXXX,29.17,,,,,,10.42,,12.35,,,,12.27,,35.67,,6104b44af8892d9346eb45f0
469572,CHICAGO,CHPH30316_SCU-469572_Redlines-Node_-_NAT_Approved_As_Built.pdf,COMED,9999,9999,XXXX,XXXX,36.25,,34.29,,,,9.75,,11.54,,,,11.6,,40.5,,6104d84bf8892d9346eb47b1
469574,CHICAGO,CHPH30321_SCU-469574_Redline-Node.pdf,COMED,41.965982,-87.763691,5440 W LELAND AVE,XXXX,38.83,,37.17,,,,11.58,,9.52,,,,10.85,,44.08,,6104d9e3f8892d9346eb47c6
469575,CHICAGO,CH1509BA_91LAB_Elevation_As_Built-Node.pdf,COMED,"41' 57' 42.54"" (41.961817)","-87 45' 22.31"" (-87.756198)",5134 W AGATITE AVE,XXXX,36.42,,34.58,,,,11.75,,13.64,,,,13.6,,40.67,,6104b5c2f8892d9346eb4606
469577,CHICAGO CITY,CHPH30324_SCU-469577_Redlines-Node.pdf,XXXX,"41' 57' 33.44"" N (41.959289)","87º 44' 51.43"" W (-87.747620)",4320 N. CICERO AVE.,XXXX,34.5,,,,,,23.5,,,,,,29.0,,,,6104b684f8892d9346eb4611
469578,CHICAGO CITY,CH1510BA_21LAB_Elevation_As_Built.pdf,XXXX,"41' 57' 21.82"" N (41.956062)","87' 44' 51.05"" W (-87.747513)",4118 N. CICERO AVE.,XXXX,34.5,,,,,,,,,,,,30.0,,,,6104c7adf8892d9346eb46e3
469584,CHICAGO/COOK COUNTY,CHPH30343_SCU-469584_Redlines-Node.pdf,COMED,41.951099,-87.750466,4916 W BERENICE AVE,XXXX,33.54,,,,,,12.38,,9.85,,,,11.38,,39.83,,6104ae98f8892d9346eb45a9
469586,CHICAGO CITY,CHPH30347_SCU-469586_Redlines-Node.pdf,XXXX,"41' 57' 12.26"" N (41.953406)","87 45' 24.46"" W (-87.756793)",4001 N. LARAMIE AVE.,XXXX,34.5,,,,,,23.5,,,,,,28.0,,,,6104c32bf8892d9346eb46ac
469587,CHICAGO/COOK COUNTY,CHPH30348_SCU-469587_Redlines-Conduit.pdf,COMED,41.951981,-87.751966,4954 W BYRON ST,XXXX,36.38,,34.29,,,,12.58,,10.29,,,,11.85,,40.5,,6104bab1f8892d9346eb4644
469589,CHICAGO,CHPH30351_SCU-469589_Redlines-Node.pdf,COMED,9999,9999,XXXX,XXXX,38.0,,37.83,,,,18.33,,15.38,,,,16.85,,44.5,,6104b6c6f8892d9346eb4614
469590,CHICAGO,CHPH30352_469590_Redlines-Node.pdf,COMED,41.951021,-87.757282,3884 N LARAMIE AVE,XXXX,35.33,,,,,,10.58,,12.52,,,,12.44,,40.5,,6104bb1cf8892d9346eb4649
469592,CHICAGO,CH2209BA_21LAB_Elevation_As_Built-Node.pdf,COMED,9999,9999,XXXX,XXXX,34.08,,,,,,18.0,,15.21,,,,17.25,,40.5,,6104c341f8892d9346eb46ad
469595,CHICAGO/COOK COUNTY,CH2209BA_51LAB_Elevation_As_Built-Node.pdf,COMED,9999,9999,XXXX,XXXX,36.25,,34.29,,,,12.25,,9.98,,,,11.52,,40.5,,6104cd26f8892d9346eb4725
469602,CHICAGO,CHPH30376_SCU-469602_Redlines-Node.pdf,COMED,41.943224,-87.767244,5614 W NEWPORT AVE,XXXX,39.17,,38.75,,,,14.83,,16.79,,,,16.69,,45.0,,6104cc57f8892d9346eb471b
469605,CHICAGO,CH2210BA_41LAB_Elevation_As_Built-Node.pdf,COMED,9999,9999,XXXX,XXXX,33.67,,,,,,16.0,,13.73,,,,15.27,,40.33,,6104c82cf8892d9346eb46e9
469609,CHICAGO,CHPH30387_Elevation_Red_Lines-Node.pdf,COMED,41.939957,-87.763857,3249 N LINDER AVE,XXXX,34.0,,34.33,,,,12.5,,10.31,,,,23.85,,,,6104c560f8892d9346eb46c8
469617,CHICAGO CITY,CHPH30515_469617_NAT_Reviewed_Redline-Node.pdf,XXXX,"41' 56' 48.24"" N (41.946733)","87º 41' 00.70"" W (-87.683529)",2201 W. ADDISON ST.,XXXX,34.5,,,,,,23.5,,,,,,30.0,,,,6104af8ff8892d9346eb45b4
469619,CHICAGO,CHPH30294_SCU-469619_Redline-Node.pdf,COMED,9999,9999,XXXX,XXXX,28.38,,,,,,17.33,,15.06,,,,16.6,,34.83,,6104d0bcf8892d9346eb4756
469626,CHICAGO,CHPH30383_Elevation_Red_Lines-Node.pdf,COMED,9999,9999,XXXX,XXXX,37.67,,38.25,,,,11.75,,9.56,,,,23.77,,,,6104b161f8892d9346eb45cb
469627,CHICAGO,CHPH30429_469627_REDLINE-NODE.pdf,COMED,"41' 58' 23.33"" (41.973146)","-87 39' 42.81"" (-87.661893)",1257 W WINNEMAC AVE,XXXX,38.62,,38.83,,27.42,,15.25,,17.14,,,,17.1,,45.17,,6104cd13f8892d9346eb4724
469634,CHICAGO,CH2295BA_61LAB_Elevation_As_Built_NAT_Redline.pdf,COMED,41.968595,-87.735602,4812 N KILDARE AVE,XXXX,38.46,,37.04,,,,17.79,,15.6,,,,17.08,,44.92,,6104c76af8892d9346eb46e1
469646,CHICAGO,CHPH30633_SCU-469646_REDLINE-NODE.pdf,COMED,"41' 56' 19.87"" (41.938853)","-87 46' 43.93"" (-87.778870)",6100 W BELMONT AVE,XXXX,38.88,,39.17,,,,10.27,,12.14,,,,11.1,,45.25,,6104d3ecf8892d9346eb477e
469650,CHICAGO,CHPH30640_SCU-469650_Redline-Node.pdf,COMED,9999,9999,XXXX,XXXX,37.54,,35.29,,,,13.5,,10.0,,,,14.33,,43.92,,6104d638f8892d9346eb4799
469662,CHICAGO,CH3209BA_91LAB_Elevation_As_Built_NAT_Redline.pdf,COMED,"41' 47' 59.68"" (41.799911)","-87 38' 45.45"" (-87.645959)",812 W S2ND ST,XXXX,33.17,,34.42,,24.5,,12.25,,10.03,,,,11.52,,40.5,,6104cc6cf8892d9346eb471c
469663,CHICAGO CITY,CH3210BA_11LAB_Elevation_As_Built.pdf,XXXX,"41' 48' 06.24"" N (41.801734)","87 38' 26.79"" W (-87.640775)",608 W. 51ST ST.,XXXX,34.5,,,,,,29.75,,,,,,30.0,,,,6104c87df8892d9346eb46ed
469667,CHICAGO,CHPH32197_CH3210BA_51LAB_As_Built-Node.pdf,COMED,"41' 48' 31.57"" (41.808771)","-87 38' 41.73"" (-87.644924)",745 W 47TH ST,XXXX,38.5,,38.0,,,,13.75,,11.53,,,,26.81,,,,6104cbb3f8892d9346eb4713
469669,CHICAGO,CHPH32217_SCU-469669_Redline-Node.pdf,COMED,"41' 50' 23.30"" (41.839806)","-87 38' 18.33"" (-87.638424)",449 W 30TH ST,XXXX,35.88,,33.5,,,,12.75,,10.53,,,,12.02,,40.5,,6104b280f8892d9346eb45d8
469670,CHICAGO,CHPH32219_469670_NAT_Reviewed_Redline-Node.pdf,COMED,9999,9999,XXXX,XXXX,38.12,,38.0,,,,13.75,,11.53,,8.92,,14.58,,45.0,,6104b0adf8892d9346eb45c0
469680,CHICAGO,CH3203BA_81LAB_Elevation_As_Built_NAT_Redline.pdf,COMED,"41' 48' 39.96"" (41.811099)","-87' 36' 52.22"" (-87.614505)",447 E 46TH ST,XXXX,33.42,,33.83,,27.67,,13.75,,11.0,,,,13.02,,40.58,,6104bcf1f8892d9346eb465e
469681,CHICAGO,CHPH32236_CH3204BA_11LAB_As_Built-Node.pdf,COMED,9999,9999,XXXX,XXXX,33.33,,33.33,,24.67,,13.75,,11.53,,,,13.02,,39.67,,6104b584f8892d9346eb4602
469682,CHICAGO,CH3204BA_21LAB_Elevation_NAT_Redlined_As-Built.pdf,COMED,9999,9999,XXXX,XXXX,35.67,,32.75,,24.83,,,,11.53,,,,13.02,,39.75,,6104b43bf8892d9346eb45ef
469690,CHICAGO CITY,CH3192BA_21LAB_Elevation_As_Built_NAT_Redline.pdf,XXXX,"41' 50' 11.44"" N (41.836511)","87 37' 09.10"" W (-87.619195)",305 E. 32ND,XXXX,,,,,,,23.5,,,,,,,,29.48,,6104d23df8892d9346eb4767
469691,CHICAGO,CHPH32303_Elevation_As_Built.pdf,COMED,9999,9999,XXXX,XXXX,34.92,,33.5,,,,13.75,,11.53,,,,13.02,,40.5,,6104c585f8892d9346eb46ca
469699,CHICAGO,CHPH30278_SCU-469699_Redlines-Node.pdf,COMED,"41' 57' 57.95"" (41.966097)","-87 43' 38.38"" (-87.727327)",3941 W LELAND AVE,XXXX,,,34.83,,,,15.75,,17.97,,,,23.77,,,,6104cff7f8892d9346eb474a
469701,CHICAGO CITY,CH3210BA_61LAB_Elevation_As_Built.pdf,XXXX,"41' 48' 40.39"" N (41.811218)","87 38' 43.70"" W (-87.645474)",4545 S. HALSTED ST.,XXXX,34.5,,,,,,,,,,,,30.0,,,,6104b955f8892d9346eb4634
469712,CHICAGO CITY,CH2255BA_61LAB_Elevation_As_Built_NAT_Redline.pdf,XXXX,"41' 49' 05.73"" N (41.818257)","87º 37' 17.62"" W (-87.621560)",4200 S. INDIANA AVE.,XXXX,34.5,,,,,,23.5,,,,,,30.0,,,,6104c29af8892d9346eb46a5
469713,CHICAGO CITY,CH2255BA_71LAB_Elevation_As_Built.pdf,XXXX,"41' 49' 12.92"" N (41.820255)","87 37' 17.84"" W (-87.621622)",4058 S. INDIANA AVE.,XXXX,34.5,,,,,,23.5,,,,,,30.0,,,,6104bf54f8892d9346eb467e
469716,CHICAGO CITY,CHPH32251_469716_Elevation_As_Built_NAT_Redline.pdf,XXXX,"41' 47' 57.29"" N (41.799248)","87º 35' 02.84"" W (-87.584123)",5306 S. HYDE PARK BLVD ._,XXXX,,,,,,,23.5,,,,,,,,29.48,,6104d11af8892d9346eb475a
469718,CHICAGO CITY,CH3204BA_81LAB_Elevation_As_Built.pdf,XXXX,"41' 48' 52.98"" N (41.814718)","87 37' 00.64"" W (-87.616845)",4400 S. DR. MARTIN LUTHER KING JR. DR.,XXXX,34.5,,,,,,,,,,,,30.0,,,,6104daeef8892d9346eb47d2
469723,CHICAGO CITY,CHPH32289_SCU-469723_Redlines_Node.pdf,XXXX,"41' 49' 33.89"" N (41.826082)","87' 36' 29.13"" W (-87.608090)",3798 S. COTTAGE GROVE AVE.,XXXX,,,,,,,23.25,,,,,,23.5,,,,6104d7e1f8892d9346eb47ac
469726,CHICAGO CITY,CHPH32306_Elevation_As_Built-Node_NAT_Redline.pdf,XXXX,"41' 50' 37.28"" N (41.843688)","87 37' 13.81"" W (-87.620504)",2718 S. PRAIRIE AVE.,XXXX,34.5,,,,,,23.5,,,,,,30.0,,30.0,,6104c481f8892d9346eb46bd
469727,CHICAGO CITY,CH3192BA_51LAB_Elevation_As_Built_NAT_Redline.pdf,XXXX,"41' 50' 23.92"" N (41.839978)","87 37' 18.69"" W (-87.621857)",2967 S. INDIANA AVE,XXXX,34.5,,,,,,23.5,,,,,,30.0,,,,6104c896f8892d9346eb46ee
469732,CHICAGO,CHPH32314_469732_NAT_Reviewed_Redline-Node.pdf,COMED,"41' 49' 24.11"" (41.823364)","-87 38' 28.08"" (-87.641134)",3900 S WALLACE ST,XXXX,,,36.08,,,,13.75,,11.53,,,,26.52,,,,6104db34f8892d9346eb47d5
469734,CHICAGO,CHPH32316_SCU-469734_NAT_Reviewed_Redline-Node.pdf,COMED,"41' 49' 39.16"" (41.827544)","-87 38' 24.72"" (-87.640201)",3648 S PARNELL AVE,XXXX,34.25,,34.58,,,,13.75,,11.53,,7.58,,13.02,,40.75,,6104d7fbf8892d9346eb47ad
469740,CHICAGO CITY,CHPH32324_SCU-469740_NAT_Reviewed_Redline-Node.pdf,XXXX,"41' 50' 16.59"" N (41.837942)","87 39' 29.94"" W (-87.658315)",1258 W. 31ST ST.,XXXX,34.5,,,,,,,,,,,,30.0,,,,6104d8bdf8892d9346eb47b7
469747,CHICAGO,CHPH30660_SCU-469747_Redline-Node.pdf,COMED,41.931614,-87.777778,2812 N MCVICKER AVE,XXXX,37.08,,,,,,15.92,,13.71,,,,23.44,,,,6104b1a0f8892d9346eb45ce
469751,CHICAGO,CH3179BA_11LAB_Elevation_As_Built-Node.pdf,COMED,41.932881,-87.770576,2859 N MENARD AVE,XXXX,33.67,,34.12,,29.67,,11.71,,9.52,,,,24.1,,,,6104cfe3f8892d9346eb4749
469754,CHICAGO,CHPH30671_SCU-469754_Redlines-Node.pdf,COMED,41.931789,-87.760101,5331 W WOLFRAM ST,XXXX,33.42,,33.79,,,,12.08,,9.9,,,,23.77,,,,6104c45cf8892d9346eb46bb
469757,CHICAGO CITY,CH2216BA_31LAB_Elevation_As_Built.pdf,XXXX,9999,9999,XXXX,XXXX,34.5,,,,,,23.5,,,,,,28.0,,,,6104bc6ff8892d9346eb4659
469760,CHICAGO,CHPH30906_469760_Redlines-Node.pdf,COMED,"41' 53' 52.60"" (41.897945)","-87 40' 22.10"" (-87.672807)",1812 W IOWA ST,XXXX,34.0,,34.33,,,,11.42,,9.78,,,,11.35,,40.5,,6104b8acf8892d9346eb462c
469769,CHICAGO,CH2216BA_41LAB_Elevation_NAT_Reviewed_As_Built.pdf,COMED,"41' 55' 47.97"" (41.929992)","-87 45' 30.82"" ( 87.785564)-",5254 W SCHUBERT AVE,XXXX,38.75,,38.58,,,,11.75,,13.64,,,,13.6,,45.0,,6104b036f8892d9346eb45bb
469776,CHICAGO,CH2211BA_21LAB_Elevation_As_Built-Node.pdf,COMED,9999,9999,XXXX,XXXX,37.67,,37.92,,,,12.33,,10.15,,,,24.44,,,,6104dbccf8892d9346eb47db
469778,CHICAGO,CH1469BA_21LAB_Elevation_As_Built.pdf,COMED,"41' 46' 32.12"" (41.775589)","-87 35' 20.46"" (-87.589017)",6546 S BLACKSTONE AVE,XXXX,33.58,,33.75,,,,11.58,,9.53,,,,10.77,,40.42,,6104d791f8892d9346eb47a8
469779,CHICAGO CITY,CH1469BA_31LAB_Elevation_As_Built.pdf,XXXX,9999,9999,XXXX,XXXX,34.5,,,,,,,,,,,,30.0,,,,6104c4eaf8892d9346eb46c2
469781,CHICAGO,CHPH32265_SCU-469781_Redline-Node.pdf,COMED,"41' 48' 53.68"" (41.814911)","-87 36' 19.52"" (-87.605422)",831 E 44TH ST,XXXX,34.21,,33.33,,,,13.75,,11.0,,,,13.02,,40.33,,6104c12bf8892d9346eb4694
469784,CHICAGO,CHPH30680_SCU-469784_Redlines-Node.pdf,COMED,9999,9999,XXXX,XXXX,36.31,,34.96,,,,13.17,,15.1,,,,15.02,,40.5,,6104c8aff8892d9346eb46ef
469787,CHICAGO,CHPH30686_469787_Redlines-Node.pdf,COMED,"41' 56' 15.22"" (41.937562)","-87' 43' 00.30"" (-87.716749)",3554 W BARRY AVE,XXXX,33.17,,33.33,,29.17,,13.08,,10.86,,,,23.6,,,,6104b40bf8892d9346eb45ec
469789,CHICAGO,CHPH30736_469789_Redlines-Node.pdf,COMED,41.927919,-87.775598,5958 W WRIGHTWOOD AVE,XXXX,34.0,,,,,,12.42,,10.23,,,,24.44,,,,6104cd37f8892d9346eb4726
469790,CHICAGO,CHPH30737_SCU-469790_Redlines-Node.pdf,COMED,9999,9999,XXXX,XXXX,33.67,,34.0,,,,11.71,,9.52,,,,24.02,,,,6104ced1f8892d9346eb473b
469791,CHICAGO,CHPH30739_SCU-469791_Redlines-Node.pdf,COMED,9999,9999,XXXX,XXXX,34.0,,34.58,,,,13.42,,11.23,,,,24.46,,,,6104cc39f8892d9346eb4719
469793,CHICAGO,CHPH30742_SCU-469793_Redline-Node.pdf,COMED,"41' 55' 24.04"" (41.923343)","-87' 46' 17.08"" (-87.771411)",2342 N MENARD AVE,XXXX,33.83,,29.0,,,,11.75,,13.64,,,,13.6,,36.0,,6104c4c3f8892d9346eb46c0
469795,CHICAGO,CHPH30746_SCU-469795_Redlines-Node.pdf,COMED,9999,9999,XXXX,XXXX,35.25,,,,,,12.5,,9.54,,9.0,,25.69,,,,6104cd96f8892d9346eb472b
469796,CHICAGO,CH2216BA_71LAB_Elevation_As_Built.pdf,COMED,"41' 55' 22.12"" (41.922812)","-87 45' 2.38"" (-87.75066)",4950 W BELDEN AVE,XXXX,39.25,,39.0,,,,11.75,,13.64,,,,13.6,,45.92,,6104bb63f8892d9346eb464c
469801,CHICAGO,CHPH30833_SCU-469801_NAT_Reviewed_Redlines-Node.pdf,COMED,"41' 54' 49.43"" (41.913731)","-87 45' 45.05"" (-87.762514)",1822 N LOTUS AVE,XXXX,34.0,,34.58,,30.0,,13.75,,11.53,,,,24.44,,,,6104bba9f8892d9346eb4650
469808,CHICAGO CITY,CH1348BA_41LAB_Elevation_As_Built_NAT_Redline.pdf,XXXX,9999,9999,XXXX,XXXX,34.5,,,,,,23.5,,,,,,30.0,,,,6104af35f8892d9346eb45b0
469814,CHICAGO,CHPH30849_Elevation_Redlines.pdf,COMED,41.908036,-87.761530,1515 N LOTUS AVE,XXXX,38.5,,38.79,,,,12.58,,10.35,,,,11.85,,45.0,,6104d02cf8892d9346eb474e
469826,CHICAGO CITY,CHPH30916_SCU-469826_Redlines-Node.pdf,XXXX,"41' 54' 24.84"" N (41.906901)","87' 40' 02.77"" W (-87.667437)",1361 N. ASHLAND AVE.,XXXX,34.5,,,,,,,,,,,,29.0,,,,6104d20cf8892d9346eb4765
469835,CHICAGO,CHPH31120_SCU-469835_Redline-Node.pdf,COMED,"41' 51' 28.04"" (41.857788)","-87 39' 38.54"" (-87.660705)",1347 W 18TH ST,XXXX,35.08,,,,33.67,,,,,,,,17.67,,41.67,,6104b2a7f8892d9346eb45da
469835,CHICAGO,CHPH31120_SCU-469835_NAT_Reviewed_Redline-Node.pdf,COMED,"41' 51' 28.04"" (41.857788)","-87 39' 38.54"" (-87.660705)",1347 W 18TH ST,XXXX,35.08,,,,33.67,,,,,,,,17.67,,41.67,,6104cdbcf8892d9346eb472d
469856,CHICAGO,CHPH31163_469856_NAT_Reviewed_Redline-Node.pdf,COMED,"41' 50' 46.67"" (41.846298)","-87 43' 21.87"" (-87.722741)",3912 W 25TH ST.,XXXX,34.0,,31.5,,,,11.75,,9.53,,,,24.27,,,,6104cac0f8892d9346eb4707
469864,CHICAGO CITY,CHPH30785_SCU-469864_Redlines-Node.pdf,XXXX,"41' 55' 14.98"" N (41.920828)","87' 41' 37.71"" W (-87.693807)",2203 N. MILWAUKEE AVE.,XXXX,34.5,,,,,,,,,,,,30.0,,,,6104c05af8892d9346eb468a
469865,CHICAGO,CHPH30788_469865_NAT_Redlined_As-Built.pdf,COMED,9999,9999,XXXX,XXXX,38.5,,38.42,,,,15.88,,17.81,,,,17.73,,44.5,,6104bd6ff8892d9346eb4664
469866,CHICAGO,CH2262BA_21LAB_Elevation_As_Built.pdf,COMED,41.916111,-87.678126,2013 W CORTLAND ST,XXXX,40.79,,43.25,,,,18.62,,16.4,,,,17.9,,49.5,,6104d174f8892d9346eb475e
469870,CHICAGO,CHPH31133_469870_NAT_Redlined_As-Built.pdf,COMED,"41' 51' 25.64"" (41.857122)","-87 40' 55.46"" (-87.682073)",1813 S OAKLEY AVE,XXXX,33.79,,33.5,,,,12.83,,10.61,,,,12.1,,40.5,,6104d417f8892d9346eb4780
469874,CHICAGO CITY,CHPH31147_SCU-469874_NAT_Redlined_As-Built.pdf,XXXX,"41' 50' 38.79"" N (41.844107)","87º 41' 42.33"" W (-87.695091)",2638 S. CALIFORNIA AVE.,XXXX,34.5,,,,,,23.5,,,,,,29.0,,,,6104b857f8892d9346eb4628
469875,CHICAGO CITY,CHPH31148_SCU-469875_Redline-Node.pdf,XXXX,"41' 50' 52.69"" N (41.847970)","87º 41' 42.60"" W (-87.695167)",2403 S. CALIFORNIA BLVD.,XXXX,34.5,,,,,,23.5,,,,,,29.0,,,,6104db73f8892d9346eb47d8
469876,CHICAGO,CHPH31150_CH2223BA_81LAB_NAT_Redlined_As-Built.pdf,COMED,"41' 50' 50.70"" (41.847417)","-87 41' 32.65"" (-87.692404)",2649 W LUTHER ST,XXXX,34.88,,,,,,11.75,,13.64,,,,13.6,,41.83,,6104b8bbf8892d9346eb462d
469882,CHICAGO/COOK COUNTY,CH1413BA_31LAB_Elevation_NAT_Reviewed_As_Built.pdf,COMED,41.981497,-87.689956,2414 W CATALPA AVE,XXXX,33.88,,34.5,,,,12.5,,10.48,,,,11.77,,40.5,,6104d5b0f8892d9346eb4793
469920,CHICAGO,CHPH31180_SCU-469920_Redline-Node.pdf,COMED,9999,9999,XXXX,XXXX,38.25,,37.92,,,,11.58,,13.52,,,,13.44,,44.17,,6104c529f8892d9346eb46c5
469922,CHICAGO,CHPH31182_469922_NAT_Redlined_As-Built.pdf,COMED,41.881562,-87.696593,14 N CALIFORNIA AVE,XXXX,33.58,,33.54,,,,10.17,,12.1,,,,12.02,,39.67,,6104b13cf8892d9346eb45c9
469923,CHICAGO,CHPH31183_SCU-469923_NAT_Redlined_As-Built.pdf,COMED,41.880729,-87.698608,9 S FRANCISCO AVE,XXXX,33.38,,,,,,15.29,,14.08,,,,23.54,,,,6104ce51f8892d9346eb4735
469924,CHICAGO,CHPH31184_469924_NAT_Reviewed_Redline-Node.pdf,COMED,"41' 52' 45.03"" (41.879174)","-87 42' 5.17"" (-87.701437)",116 S SACRAMENTO BLVD,XXXX,39.88,,38.83,,25.58,,11.75,,13.64,,,,17.85,,45.92,,6104c119f8892d9346eb4693
469926,CHICAGO,CHPH31186_SCU-469926_NAT_Redlined_As-Built.pdf,COMED,9999,9999,XXXX,XXXX,,,,,,,16.5,,14.29,,,,24.27,,,,6104d0adf8892d9346eb4754
469927,CHICAGO,CHPH31187_SCU-469927_NAT_Redlined_As-Built.pdf,COMED,"41' 52' 56.93"" (41.882480)","-87 41' 38.84"" (-87.694121)",46 N WASHTENAW AVE,XXXX,32.83,,,,23.33,,11.42,,13.3,,,,13.27,,38.92,,6104b69cf8892d9346eb4612
469945,CHICAGO CITY,CHPH31223_SCU-469945_Redline-Node.pdf,XXXX,"41' 51' 33.33"" N (41.859259)","87º 43' 29.51"" W (-87.724863)",1549 S. PULASKI RD.,XXXX,34.5,,,,,,23.5,,,,,,29.71,,,,6104c8e5f8892d9346eb46f2
469947,CHICAGO CITY,CHPH31228_469947_Elevation_NAT_Redlined_As-Built.pdf,XXXX,"41' 50' 39.45"" N (41.844291)","87º 43' 36.64"" W (-87.726845)",4058 W. 26TH ST.,XXXX,34.5,,,,,,,,,,,,30.0,,,,6104cdcff8892d9346eb472e
469949,CHICAGO,CHPH31231_Elevation_Redlines_NAT_Redline.pdf,COMED,9999,9999,XXXX,XXXX,34.0,,,,,,11.67,,10.2,,,,11.67,,40.5,,6104bb80f8892d9346eb464e
469951,CHICAGO,CHPH31235_SCU-469951_Redlines-Node.pdf,COMED,"41' 52' 44.13"" (41.878926)","-87 43' 30.20"" (-87.725055)",3948 W WILCOX ST,XXXX,38.67,,,,,,17.75,,19.64,,,,19.6,,43.17,,6104d662f8892d9346eb479b
469954,CHICAGO CITY,CHPH31239_SCU-469954_Redlines-Node.pdf,XXXX,"41' 52' 41.48"" N (41.878190)","87' 44' 07.07"" W (-87.735299)",147 S. KOSTNER AVE.,XXXX,34.5,,,,,,23.5,,,,,,,,,,6104b78ef8892d9346eb461e
469958,CHICAGO CITY,CHPH31245_SCU-469958_Redlines-Node.pdf,XXXX,"41' 52' 38.15"" N (41.877263)","87º 43' 14.80"" W (-87.720777)",224 S. HAMLIN BLVD.,XXXX,34.5,,,,,,23.5,,,,,,28.0,,,,6104b290f8892d9346eb45d9
469959,CHICAGO CITY,CHPH31246_SCU-469959_Redlines-Node.pdf,XXXX,9999,9999,XXXX,XXXX,34.5,,,,,,23.5,,,,,,,,,,6104c313f8892d9346eb46ab
469961,CHICAGO,CHPH31248_SCU-469961_Redlines-Node.pdf,COMED,41.881366,-87.730373,19 N KEELER AVE,XXXX,34.0,,34.17,,,,12.08,,9.9,,,,24.44,,,,6104c2d2f8892d9346eb46a8
469969,CHICAGO CITY,CH2224BA_51LAB_Elevation_As_Built.pdf,XXXX,"41' 51' 06.18"" N (41.851716)","87º 42' 11.76"" W (-87.703267)",3109 W. CERMAK RD.,XXXX,34.5,,,,,,23.5,,,,,,30.0,,,,6104d9caf8892d9346eb47c5
469970,CHICAGO,CHPH31268_SCU-469970_Redline-Node.pdf,COMED,"41' 50' 25.44"" (41.840400)","-87 43' 47.59"" (-87.729885)",4213 W 28TH ST,XXXX,34.0,,34.0,,29.42,,10.0,,12.62,,,,23.85,,25.42,,6104c92cf8892d9346eb46f5
469971,CHICAGO,CHPH31301_Node_Elevation_As-Built.pdf,COMED,41.903132,-87.723662,1215 N SPRINGFIELD AVE,XXXX,,,,,,,12.75,,10.56,,,,12.02,,41.0,,6104c7c5f8892d9346eb46e4
469972,CHICAGO CITY,CHPH30151_SCU-469972_NAT_Reviewed_Redline-Node.pdf,XXXX,"41' 58' 39.30"" N (41.977584)","87º 41' 32.68"" W (-87.692411)",5290 N. LINCOLN AVE.,XXXX,34.5,,,,,,23.5,,,,,,30.0,,,,6104d649f8892d9346eb479a
469973,CHICAGO CITY,CH2205BA_31LAB_Elevation_NAT_Reviewed_As_Built.pdf,XXXX,"41' 57' 39.96"" N (41.961100)","87 43' 15.24"" W (-87.720899)",3706 W. MONTROSE AVE.,XXXX,34.5,,,,,,,,,,,,30.0,,,,6104bf1bf8892d9346eb467b
469988,CHICAGO CITY,CHPH31244_SCU-469988_Redlines-Node.pdf,XXXX,"41' 52' 44.52"" N (41.879033)","87º 43' 15.00"" W (-87.720833)",3800 W. WILCOX ST.,XXXX,34.5,,,,,,23.5,,,,,,30.0,,,,6104b258f8892d9346eb45d6
469993,CHICAGO,CHPH30689_SCU-469993_Redline-Node.pdf,COMED,9999,9999,XXXX,XXXX,33.5,,,,,,10.08,,12.02,,,,11.94,,40.0,,6104d30df8892d9346eb4772
469994,CHICAGO,CH2266BA_71LAB_Elevation_As_Built.pdf,COMED,41.935390,-87.714435,2953 N GRESHAM AVE,XXXX,34.58,,,,,,10.92,,12.85,,,,12.77,,40.5,,6104cda6f8892d9346eb472c
469995,CHICAGO CITY,CH2266BA_81LAB_Elevation_As_Built.pdf,XXXX,"41' 55' 59.98"" N (41.933328)","87º 42' 51.29"" W (-87.714246)",2865 N. MILWAUKEE AVE.,XXXX,34.5,,,,,,23.5,,,,,,32.25,,,,6104b73cf8892d9346eb461a
469999,CHICAGO,NAT_Approved_Asbuilt.pdf,COMED,41.931025,-87.705585,2727 N TROY ST,XXXX,36.25,,34.29,,,,10.58,,12.52,,,,12.44,,40.5,,6104d4d4f8892d9346eb4789
469999,CHICAGO,CHPH30696_SCU-469999_Redlines-Node.pdf,COMED,41.931025,-87.705585,2727 N TROY ST,XXXX,36.25,,34.29,,,,10.58,,12.52,,,,12.44,,40.5,,6104c797f8892d9346eb46e2
470005,CHICAGO CITY,CHPH30704_SCU-470005_Redlines-Node.pdf,XXXX,"41' 56' 00.58"" N (41.933494)","87º 42' 09.51"" W (-87.702642)",2852 N. SACRAMENTO AVE.,XXXX,34.5,,,,,,23.5,,,,,,29.0,,,,6104afa8f8892d9346eb45b5
470010,CHICAGO,CHPH30710_SCU-470010_Redline-Node.pdf,COMED,41.938726,-87.694748,3133 N WASHTENAW AVE,XXXX,48.54,,38.71,,,,9.75,,11.69,,,,11.6,,44.92,,6104bbf8f8892d9346eb4654
470022,CHICAGO CITY,CHPH30733_SCU-470022_Redlines-Node.pdf,XXXX,"41' 55' 25.22"" N (41.923672)","87º 46' 32.19"" W (-87.775608)",5959 W. FULLERTON AVE.,XXXX,34.5,,,,,,23.5,,,,,,28.0,,,,6104c94ef8892d9346eb46f7
470024,XXXX,CHPH30735_SCU-470024_NAT_Redlined_As-Built.pdf,COMED,9999,-87.773056,2415 N MARMORA AVE,XXXX,34.17,,34.75,,,,10.5,,12.44,,7.25,,12.35,,41.0,,6104c13af8892d9346eb4695
470027,CHICAGO CITY,CHPH30752_470027_Elevation_NAT_Reviewed_As-Built.pdf,XXXX,"41' 55' 26.42"" N (41.924004)","87º 44' 11.91"" W (-87.736641)",4407 W. FULLERTON AVE.,XXXX,34.5,,,,,,23.5,,,,,,30.0,,,,6104c6baf8892d9346eb46da
470028,CHICAGO CITY,CHPH30753_SCU-470028_Redline-Node_-_NAT_Approved_As_Built.pdf,XXXX,"41' 55' 28.56"" N (41.924600)","87º 43' 27.84"" W (-87.724399)",2400 N. SPRINGFIELD AVE.,XXXX,34.5,,,,,,23.5,,,,,,29.0,,,,6104d0e7f8892d9346eb4758
470031,CHICAGO,CHPH30756_SCU-470031_Redlines-Node.pdf,COMED,9999,9999,XXXX,XXXX,34.0,,34.29,,,,12.83,,10.65,,,,24.23,,,,6104ae63f8892d9346eb45a6
470032,CHICAGO,CHPH30757_SCU-470032_Redlines-Node.pdf,COMED,41.920918,-87.732192,2207 N TRIPP AVE,XXXX,33.25,,32.25,,,,9.75,,11.69,,,,11.6,,39.33,,6104c651f8892d9346eb46d5
470034,CHICAGO CITY,CHPH30760_SCU-470034_Redlines-Node_-_NAT_Approved_As_Built.pdf,XXXX,"41' 55' 28.77"" N (41.924659)","87º 43' 10.23"" W (-87.719507)",3700 W. FULLERTON AVE.,XXXX,34.5,,,,,,23.5,,,,,,29.0,,,,6104c995f8892d9346eb46f9
470037,CHICAGO CITY,CHPH30779_SCU-470037_Redline-Node.pdf,XXXX,"41' 55' 08.18"" N (41.918938)","87º 41' 14.32"" W (-87.687312)",2067 N. WESTERN AVE.,XXXX,34.5,,,,,,23.5,,,,,,39.25,,,,6104c4d2f8892d9346eb46c1
470045,BERWYN,CHPH31026_Elevation_Redlines.pdf,COMED,9999,9999,XXXX,XXXX,32.83,,33.17,,,,10.5,,12.44,,,,12.35,,39.33,,6104b5a1f8892d9346eb4604
470057,CHICAGO,CHPH30135_SCU-470057_NAT_Reviewed_Redline-Node.pdf,COMED,9999,9999,XXXX,XXXX,33.58,,33.75,,,,10.5,,12.44,,,,12.35,,40.0,,6104b3faf8892d9346eb45eb
470064,CHICAGO CITY,CHPH30476_SCU-470064_NAT_Reviewed_Redline-Node.pdf,XXXX,"41' 57' 00.22"" N (41.950060)","87º 41' 17.56"" W (-87.688211)",3737 N. WESTERN AVE.,XXXX,34.5,,,,,,23.5,,,,,,30.0,,,,6104d9a1f8892d9346eb47c3
470068,CHICAGO,CHPH30577_SCU-470068_Redlines-Node.pdf,COMED,9999,9999,XXXX,XXXX,,,,,,,12.25,,10.06,,,,24.44,,,,6104c5edf8892d9346eb46cf
470071,CHICAGO CITY,CHPH30165_470071_Elevation_NAT_Reviewed_As_Built.pdf,XXXX,"41' 58' 47.79"" N (41.979942)","87º 40' 06.16"" W (-87.668378)",5400 N. CLARK ST.,XXXX,34.5,,,,,,,,,,,,30.0,,,,6104cf32f8892d9346eb4740
470079,CHICAGO,CHPH32370_SCU-470079_Redline-Node.pdf,COMED,9999,9999,XXXX,XXXX,31.21,,29.0,,,,13.75,,11.53,,,,13.02,,40.5,,6104c9f7f8892d9346eb46fd
470080,CHICAGO,CHPH32393_SCU-470080_Redlines-Node.pdf,COMED,9999,9999,XXXX,XXXX,28.83,,29.0,,,,13.75,,11.53,,,,13.02,,,,6104d93af8892d9346eb47be
470084,CHICAGO,CHPH32404_SCU-470084_Redline-Node_-_NAT_Approved_As_Built.pdf,COMED,9999,9999,XXXX,XXXX,32.42,,31.92,,,,11.08,,10.15,,,,12.67,,38.92,,6104cb93f8892d9346eb4711
470087,CHICAGO,CHPH32412_SCU-470087_Redlines-Node.pdf,COMED,"41' 46' 28.74"" (41.774650)","-87' 43' 4.66"" (-87.717961)",6512 S HAMLIN AVE,XXXX,34.96,,,,,,13.25,,11.03,,8.42,,12.52,,41.83,,6104bc1cf8892d9346eb4656
470089,CHICAGO CITY,CHPH32417_470089_Redlines-Node.pdf,XXXX,"41' 46' 25.89"" N (41.773859)","87' 41' 00.10"" W (-87.683360)",6659 S. WESTERN AVE.,XXXX,34.5,,,,,,23.5,,,,,,,,,,6104b6aef8892d9346eb4613
470091,CHICAGO CITY,CHPH32419_SCU-470091_Redlines-Node.pdf,XXXX,"41' 46' 19.16"" N (41.771989)","87º 41' 09.63"" W (-87.686009)",2500 W. MARQUETTE RD.,XXXX,34.5,,,,,,23.5,,,,,,,,,,6104da4df8892d9346eb47ca
470092,CHICAGO,CHPH32420_SCU-470092_Redlines-Node.pdf,COMED,9999,9999,XXXX,XXXX,33.88,,,,24.17,,11.67,,10.2,,,,11.67,,36.0,,6104c551f8892d9346eb46c7
470100,CHICAGO CITY,CHPH32514_SCU-470100_Redline-Node.pdf,XXXX,"41' 46' 20.27"" N (41.772298)","87º 39' 37.87"" W (-87.660519)",1432 W. MARQUETTE RD.,XXXX,,,,,,,23.5,,,,,,29.0,,,,6104ba1df8892d9346eb463d
470112,CHICAGO,CH1371BA_51LAB_Elevation_As_Built_NAT_Redline.pdf,COMED,9999,9999,362 E 74TH ST,XXXX,33.88,,33.75,,24.58,,10.75,,12.64,,,,12.1,,40.25,,6104d91af8892d9346eb47bc
470115,CHICAGO,CHPH32030_SCU-470115_Redline-Node.pdf,COMED,"41' 45' 56.27"" (41.765631)","-87 36' 48.31"" (-87.613418)",447 E 71ST ST,XXXX,34.25,,34.58,,,,2.25,,6.58,,,,15.92,,40.75,,6104b503f8892d9346eb45fc
470116,CHICAGO CITY,CHPH32029_470116_Redline-Node.pdf,XXXX,"41' 46' 02.74"" N (41.767429)","87' 36' 55.40"" W (-87.615389)",7002 S. MARTIN L KING JR DR.,XXXX,34.5,,,,,,23.5,,,,,,29.0,,,,6104aeaef8892d9346eb45aa
470125,CHICAGO,CHPH32347_Elevation_As_Built.pdf,COMED,9999,9999,XXXX,XXXX,33.0,,33.33,,22.75,,10.83,,9.53,,,,10.77,,39.5,,6104c3d4f8892d9346eb46b5
470128,CHICAGO,CHPH32397_SCU-470128_Redline-Node.pdf,COMED,"41' 46' 9.85"" (41.769402)","-87 43' 18.98"" (-87.721940)",3947 W 68TH ST,XXXX,29.5,,,,,,13.75,,11.53,,,,13.02,,36.92,,6104c10af8892d9346eb4692
470129,CHICAGO,CHPH32399_470129_Redline-Node.pdf,COMED,9999,9999,XXXX,XXXX,,,,,,,13.75,,11.53,,,,23.44,,,,6104c8c0f8892d9346eb46f0
470130,CHICAGO,CHPH32400_SCU-470130_Redline-Node.pdf,COMED,9999,9999,XXXX,XXXX,38.5,,35.83,,,,13.75,,11.53,,8.33,,,,,,6104cc49f8892d9346eb471a
470130,CHICAGO,CHPH32400_SCU-470130_NAT_Reviewed_Redline-Node.pdf,COMED,9999,9999,XXXX,XXXX,38.5,,35.83,,,,13.75,,11.53,,8.33,,,,,,6104dbbef8892d9346eb47da
470133,CHICAGO,CHPH32410_SCU-470133_Redlines-Node.pdf,COMED,"41' 46' 37.89"" (41.777190)","-87 43' 41.47"" (-87.728186)",6347 S TRIPP AVE,XXXX,31.71,,32.21,,,,13.75,,11.0,,,,13.02,,38.33,,6104d2fef8892d9346eb4771
470134,CHICAGO,CHPH32421_470134_Redline-Node_NAT_Redline.pdf,COMED,"41' 46' 11.95"" (41.769985)","-87 41' 6.72"" (-87.685200)",2447 W 68TH ST,XXXX,34.04,,34.25,,,,11.33,,9.57,,,,12.17,,40.75,,6104c398f8892d9346eb46b2
470142,CHICAGO,CHPH32374_Elevation_NAT_Reviewed_As_Built.pdf,COMED,"41' 48' 36.94"" (41.810260)","-87 41' 32.65"" (-87.692402)",2712 W 46TH ST,XXXX,33.75,,,,,,12.25,,10.03,,,,11.52,,39.83,,6104d31ef8892d9346eb4774
470143,CHICAGO,CHPH32375_470143_Elevation_As-Built_NAT_Redline.pdf,COMED,"41' 48' 35.75"" (41.809929)","-87 41' 41.60"" (-87.694889)",2813 W 46TH ST,XXXX,34.58,,34.75,,,,12.83,,11.36,,,,12.85,,41.0,,6104c93ff8892d9346eb46f6
470144,CHICAGO,CHPH32377_Elevation_NAT_Reviewed_As_Built.pdf,COMED,"41' 47' 51.72"" (41.797701)","-87 41' 31.39"" (-87.692052)",2746 W 53RD ST,XXXX,38.88,,39.08,,,,13.75,,11.53,,,,13.02,,45.33,,6104d896f8892d9346eb47b5
470148,CHICAGO,CHPH32382_Elevation_NAT_Redlined_As-Built.pdf,COMED,9999,9999,XXXX,XXXX,34.42,,35.08,,,,11.42,,9.53,,,,23.85,,,,6104af68f8892d9346eb45b2
470150,CHICAGO,CHPH32385_SCU-470150_Redlines-Node.pdf,COMED,9999,9999,XXXX,XXXX,,,32.5,,25.83,,13.75,,11.53,,,,13.02,,39.5,,6104d184f8892d9346eb475f
470151,CHICAGO,CHPH32386_470151_Redline-Node_NAT_Redline.pdf,COMED,"41' 47' 45.13"" (41.795869)","-87 42' 2.3"" (-87.700640)",5313 S ALBANY AVE,XXXX,33.33,,32.83,,,,11.75,,9.53,,,,11.02,,39.83,,6104d38cf8892d9346eb4779
470152,CHICAGO,CHPH32387_SCU-470152_Redlines-Node.pdf,COMED,9999,9999,XXXX,XXXX,,,,,,,11.75,,9.53,,,,23.6,,,,6104d992f8892d9346eb47c2
470160,CHICAGO CITY,CHPH32450_SCU-470160_Redline-Node.pdf,XXXX,"41' 49' 49.57"" N (41.830437)","87' 39' 54.03"" W (-87.665010)",1548 W. 35TH ST.,XXXX,34.5,,,,,,23.5,,,,,,30.0,,,,6104b32df8892d9346eb45e1
470162,CHICAGO,CHPH32455_SCU-470162_Redline-Node.pdf,COMED,41.801693,-87.675505,5047 S SEELEY AVE,XXXX,33.46,,33.92,,,,14.08,,16.02,,,,15.94,,40.08,,6104cbf1f8892d9346eb4716
470164,CHICAGO,CHPH32457_SCU-470164_Redlines-Node.pdf,COMED,"41' 48' 10.48"" (41.802910)","-87' 40' 21.72"" (-87.672701)",1913 W 50TH ST,XXXX,34.58,,34.67,,,,11.75,,28.62,,,,13.83,,40.92,,6104b270f8892d9346eb45d7
470166,CHICAGO,CHPH32459_470166_Elevation_As-Built_NAT_Redline.pdf,COMED,"41' 48' 10.88"" (41.803023)","-87' 40' 0.05"" (-87.666680)",1647 W SOTH ST,XXXX,38.79,,39.17,,,,11.75,,13.64,,,,13.6,,45.42,,6104d547f8892d9346eb478f
470167,CHICAGO,CHPH32466_SCU-470167_Redlines-Node.pdf,COMED,"41' 48' 29.70"" (41.808250)","-87 39' 31.35"" (-87.658709)",4709 W ADA ST,XXXX,38.17,,33.5,,,,11.33,,13.97,,,,12.92,,40.5,,6104da66f8892d9346eb47cb
470169,CHICAGO,CHPH32472_SCU-470169_Redlines-Node.pdf,COMED,9999,9999,XXXX,XXXX,38.0,,,,24.12,,9.75,,11.69,,,,11.6,,44.5,,6104ccd2f8892d9346eb4721
470170,CHICAGO,CHPH32473_SCU-470170_Redline-Node.pdf,COMED,41.790216,-87.665138,1613 ₩ 57TH STREET,XXXX,33.5,,33.79,,,,14.6,,31.54,,,,31.46,,40.0,,6104ce11f8892d9346eb4732
470180,CHICAGO,CHPH32581_Elevation_As_Built.pdf,COMED,9999,9999,XXXX,XXXX,33.75,,33.25,,,,13.75,,11.53,,,,13.02,,40.25,,6104c667f8892d9346eb46d6
470194,CHICAGO,CHPH32388_Elevation_As_Built_NAT_Redline.pdf,COMED,9999,9999,XXXX,XXXX,33.92,,,,,,13.75,,11.53,,,,26.1,,,,6104cacef8892d9346eb4708
470201,CHICAGO,CHPH32553_SCU-470201_Redlines-Node.pdf,COMED,41.778916,-87.650206,6322 S MORGAN ST,XXXX,32.33,,,,,,10.42,,12.38,,,,12.27,,38.83,,6104bbe3f8892d9346eb4653
470204,CHICAGO,CHPH32460_SCU-470204_Redlines-Node.pdf,COMED,"41' 48' 22.87"" (41.806354)","-87' 40' 10.71"" (-87.669640)",4811 S WOOD ST,XXXX,29.5,,,,,,11.75,,13.64,,,,13.6,,36.0,,6104b593f8892d9346eb4603
470211,CHICAGO,30bbca68-35b4-488a-90ac-17bef2f57466_NAT_Approved_Address.pdf,COMED,"41' 48' 36.26"" (41.810071)","-87 42' 21.14"" (-87.705872)",3244 W 46TH ST,XXXX,33.58,,33.92,,29.58,,13.75,,11.53,,,,24.02,,,,6104cfbcf8892d9346eb4747
470212,CHICAGO,CHPH32485_SCU-470212_Redlines-Node.pdf,COMED,"41' 47' 44.01"" (41.795557)","-87 43' 5.20"" (-87.718110)",5347 S HAMLIN AVE,XXXX,34.0,,,,,,11.75,,13.64,,,,13.6,,40.5,,6104bedbf8892d9346eb4678
470213,CHICAGO,CHPH32486_SCU-470213_Redlines-Node.pdf,COMED,41.795670,-87.710751,5347 S ST LOUIS AVE,XXXX,37.5,,,,,,13.75,,11.56,,,,25.69,,,,6104cbc4f8892d9346eb4714
470216,CHICAGO,CH1360BA_61LAB_CHPH32491_As_Built-Node.pdf,COMED,"41' 49' 35.72"" (41.826589)","-87' 40' 28.35"" (-87.674542)",1947 W 37TH ST,XXXX,39.12,,39.92,,,,13.42,,11.73,,,,12.69,,46.25,,6104bc0cf8892d9346eb4655
470217,CHICAGO,CHPH32493_SCU-470217_NAT_Reviewed_Redline-Node.pdf,COMED,"41' 49' 27.29"" (41.824246)","-87 39' 57.48"" (-87.665967)",1612 W 38TH PL,XXXX,33.71,,33.5,,,,13.75,,11.53,,8.46,,13.02,,40.5,,6104b0bcf8892d9346eb45c1
470220,CHICAGO,CHPH32496_SCU-470220_Redlines-Node.pdf,COMED,"41' 49' 2.06"" (41.817239)","-87 41' 33.4"" (-87.69261)",2713 W 42ND ST,XXXX,29.58,,,,,,12.5,,10.28,,,,21.88,,,,6104af10f8892d9346eb45ae
470221,CHICAGO,556a0df8-4d27-4cbb-9ee2-709d08bb0757_NAT_Approved.pdf,COMED,"41' 48' 49.71"" (41.813808)","-87 41' 55.28"" (-87.698688)",2944 W 44TH ST,XXXX,,,33.75,,25.0,,11.75,,9.53,,,,24.19,,,,6104b249f8892d9346eb45d5
470227,CHICAGO,CHPH32506_SCU-470227_Redline-Node.pdf,COMED,9999,9999,XXXX,XXXX,39.25,,39.21,,,,18.46,,20.4,,,,20.31,,45.33,,6104bbd3f8892d9346eb4652
470228,CHICAGO,CHPH32507_SCU-470228_Redlines-Node.pdf,COMED,"41' 48' 12.03"" (41.803343)","-87 41' 17.41"" (-87.688169)",4944 S MAPLEWOOD AVE,XXXX,36.25,,55.0,,,,45.08,,27.71,,,,47.67,,44.54,,6104b129f8892d9346eb45c7
470229,CHICAGO,CHPH32508_SCU-470229_Redlines-Node.pdf,COMED,41.798929,-87.698240,2946 ₩ 52ND ST,XXXX,36.0,,33.04,,,,10.75,,12.69,,,,12.6,,38.5,,6104c7fef8892d9346eb46e7
470234,CHICAGO,CHPH32518_SCU-470234_Redlines-Node.pdf,COMED,41.791926,-87.674877,2012 ₩ 56TH STREET,XXXX,32.58,,32.08,,,,9.0,,11.69,,,,11.6,,39.08,,6104c68df8892d9346eb46d8
470244,CHICAGO,CHPH32554_SCU-470244_Redlines-Node.pdf,COMED,41.781824,-87.652711,6146 S ABERDEEN ST,XXXX,35.83,,35.42,,,,15.08,,17.02,,,,16.94,,37.5,,6104d718f8892d9346eb47a3
470245,CHICAGO,CHPH32556_470245_Redline-Node.pdf,COMED,"41' 47' 18.60"" (41.788500)","-87 40' 59.47"" (-87.683185)",2350 W 58TH ST,XXXX,37.33,,35.5,,,,11.75,,12.89,,,,12.85,,45.33,,6104bc5cf8892d9346eb4658
470247,CHICAGO,CHPH32560_SCU-470247_Redlines.pdf,COMED,41.788478,-87.688186,5759 S ROCKWELL ST,XXXX,33.42,,34.04,,,,15.0,,12.81,,,,23.44,,,,6104d612f8892d9346eb4797
470248,CHICAGO,CHPH32563_SCU-470248_Redlines-Node.pdf,COMED,9999,9999,XXXX,XXXX,34.0,,34.42,,,,10.58,,12.52,,,,12.44,,40.5,,6104cf21f8892d9346eb473f
470249,CHICAGO,CHPH32564_SCU-470249_Redlines-Node.pdf,COMED,9999,9999,XXXX,XXXX,28.75,,,,,,9.0,,11.69,,,,11.6,,35.25,,6104d627f8892d9346eb4798
470252,CHICAGO,CHPH32570_SCU-470252_Redlines-Node.pdf,COMED,41.773271,-87.730521,6554 S KILDARE AVE,XXXX,38.5,,28.25,,,,9.0,,11.69,,,,11.6,,44.5,,6104b2e0f8892d9346eb45dd
470259,CHICAGO,CHPH32579_SCU-470259_NAT_Reviewed_Redline-Node.pdf,COMED,41.767375,-87.717336,6913 S HAMLIN AVE,XXXX,28.67,,29.0,,,,10.33,,12.27,,,,42.17,,35.17,,6104ca91f8892d9346eb4705
470263,CHICAGO,CHPH32605_SCU-470263_Redline-Node.pdf,COMED,41.775610,-87.714700,3645 ₩ 64TH PL,XXXX,33.62,,34.17,,,,10.5,,12.44,,,,10.75,,40.42,,6104d97bf8892d9346eb47c1
470264,CHICAGO,CHPH32606_SCU-470264_Redline-Node.pdf,COMED,9999,9999,XXXX,XXXX,29.29,,29.58,,,,9.75,,11.69,,,,11.6,,35.83,,6104cd6bf8892d9346eb4729
470265,CHICAGO,CHPH32636_SCU-470265_NAT_Reviewed_Redline-Node.pdf,COMED,9999,9999,XXXX,XXXX,34.75,,34.83,,,,9.5,,12.71,,,,12.1,,41.17,,6104cba2f8892d9346eb4712
470270,CHICAGO,CHPH32542_SCU-470270_REDLINE-NODE.pdf,COMED,9999,9999,XXXX,XXXX,38.29,,37.5,,,,34.62,,,,,,18.92,,44.42,,6104b42af8892d9346eb45ee
470295,CHICAGO,CHPH32627_SCU-470295_Redlines-Node.pdf,COMED,9999,9999,XXXX,XXXX,33.5,,33.54,,,,11.92,,13.85,,,,12.17,,40.0,,6104d4e5f8892d9346eb478a
470298,CHICAGO,CHPH32633_SCU-470298_Redlines-Node.pdf,COMED,9999,9999,XXXX,XXXX,33.88,,33.79,,,,11.58,,13.52,,,,13.44,,40.08,,6104cd5bf8892d9346eb4728
470301,CHICAGO,CHPH32641_Elevation_As_Built.pdf,COMED,9999,9999,XXXX,XXXX,33.79,,34.08,,,,15.5,,17.44,,,,17.35,,40.33,,6104ca56f8892d9346eb4702
470305,CHICAGO,CHPH32649_SCU-470305_Redlines-Node.pdf,COMED,"41' 46' 37.12"" (41.776977)","-87 41' 11.77"" (-87.686602)",6410 S CAMPBELL AVE,XXXX,38.83,,38.25,,,,11.75,,13.64,,,,13.6,,44.75,,6104d134f8892d9346eb475b
470307,CHICAGO CITY,CHPH32653_470307_Redlines-Node.pdf,XXXX,"41' 46' 38.40"" N (41.777333)","87º 41' 01.42"" W (-87.683729)",2402 W. 64TH ST.,XXXX,34.5,,,,,,23.5,,,,,,,,,,6104cb4ff8892d9346eb470e
470310,CHICAGO,CHPH32657_SCU-470310_NAT_Reviewed_Redline-Node.pdf,COMED,"41' 47' 56.61"" (41.799057)","-87 41' 27.3"" (-87.690917)",2647 W 52ND ST,XXXX,33.42,,32.67,,23.75,,11.75,,13.64,,,,13.6,,39.67,,6104bae5f8892d9346eb4646
470314,CHICAGO,CHPH32671_Elevation_As_Built-Node_NAT_Redlined_As-Built.pdf,COMED,"41' 47' 44.70"" (41.795750)","-87 39' 37.98"" (-87.660357)",1413 ₩ 54TH ST,XXXX,34.42,,35.0,,25.75,,12.17,,9.95,,,,11.44,,40.92,,6104bb32f8892d9346eb464a
470317,CHICAGO,CH1361BA_31LAB_Elevation_NAT_REviewed_As_Built.pdf,COMED,"41' 49' 52.53"" (41.831258)","-87 40' 46.57"" (-87.679602)",3429 S LEAVITT ST,XXXX,29.88,,,,,,11.75,,9.53,,,,11.02,,36.0,,6104b5f2f8892d9346eb4609
470320,CHICAGO,CHPH32698_SCU-470320_Redlines-Node.pdf,COMED,9999,9999,XXXX,XXXX,34.58,,35.08,,,,11.58,,13.52,,,,13.44,,41.08,,6104d9b9f8892d9346eb47c4
470321,CHICAGO,CHPH32701_SCU-470321_Redline-Node.pdf,COMED,"41' 48' 26.08"" (41.807243)","-87 44' 22.76"" (-87.739657)",4710 S KNOX AVE,XXXX,34.75,,34.75,,25.33,,13.75,,11.53,,7.92,,13.02,,,,6104bf45f8892d9346eb467d
470324,CHICAGO,CHPH32704_NodeDesign-Signed_REDLINED_NAT_Redline.pdf,COMED,9999,9999,XXXX,XXXX,34.0,,34.29,,,,12.08,,9.9,,,,21.88,,,,6104d1acf8892d9346eb4761
470325,CHICAGO,CHPH32705_SCU-470325_Redline-Node.pdf,COMED,"41' 47' 57.37"" (41.799270)","-87 44' 49.84"" (-87.747178)",5130 S LAPORTE AVE,XXXX,34.0,,34.0,,,,13.75,,11.53,,,,24.44,,,,6104cde9f8892d9346eb4730
470326,CHICAGO,CHPH32707_NodeDesign_NAT_Reviewed_Redline.pdf,COMED,"41' 48' 33.52"" (41.809311)","-87 44' 28.8"" (-87.741334)",4713 W 46TH ST,XXXX,32.83,,32.33,,,,12.17,,9.95,,8.08,,11.44,,39.33,,6104d2b8f8892d9346eb476d
470330,CHICAGO,CHPH32711_Elevation_As_Built.pdf,COMED,"41' 48' 48.47"" (41.813465)","-87 43' 40.94"" (-87.728040)",4354 S KEDVALE AVE,XXXX,31.42,,31.92,,,,11.75,,9.53,,,,11.02,,38.0,,6104b119f8892d9346eb45c6
470331,CHICAGO,CHPH32712_Elevation_NAT_Redlined_As-Built.pdf,COMED,"41' 48' 40.68"" (41.811299)","-87 43' 40.65"" (-87.727959)",4145 W 45TH ST,XXXX,33.12,,33.17,,,,13.75,,11.53,,,,13.02,,39.58,,6104b76df8892d9346eb461c
470332,CHICAGO,CHPH32713_NAT_Redlined_As-Built.pdf,COMED,"41' 48' 34.15"" (41.809487)","-87 43' 40.42"" (-87.727894)",4147 W 46TH ST,XXXX,48.25,,34.0,,,,11.75,,9.53,,,,11.02,,40.5,,6104d3aef8892d9346eb477b
470335,CHICAGO,CHPH32629_SCU-470335_Redlines-Node.pdf,COMED,9999,9999,XXXX,XXXX,33.67,,34.5,,,,10.58,,12.52,,,,9.12,,40.5,,6104c1c9f8892d9346eb469c
470337,CHICAGO,CHPH32640_470337_NAT_Reviewed_Redline-Node.pdf,COMED,"41' 47' 27.39"" (41.790942)","-87 43' 56.12"" (-87.732254)",4345 W 56TH ST,XXXX,33.75,,33.25,,25.17,,13.17,,10.95,,,,10.88,,40.25,,6104cb06f8892d9346eb470b
470341,CHICAGO,CHPH32652_470341_Redlines-Node.pdf,COMED,"41' 46' 58.71"" (41.782976)","-87 42' 37.17"" (-87.710325)",6045 S ST LOUIS AVE,XXXX,38.5,,29.17,,22.25,,10.67,,10.89,,9.0,,10.85,,39.25,,6104c5b4f8892d9346eb46cc
470353,CHICAGO,CHPH32684_SCU-470353_Redline-Node.pdf,COMED,41.775514,-87.720394,6444 S SPRINGFIELD AVE,XXXX,32.96,,31.29,,,,28.35,,15.58,,,,30.96,,37.5,,6104bc88f8892d9346eb465a
470358,CHICAGO,CHPH32695_470358_Redline_-_Node_NAT_Redline.pdf,COMED,"41' 50' 4.76"" (41.834657)","-87' 40' 54.85"" (-87.681903)",3240 S BELL AVE,XXXX,33.83,,,,,,13.75,,12.06,,,,13.02,,40.08,,6104ba36f8892d9346eb463e
470362,CHICAGO,CHPH32718_SCU-470362_Redlines-Node.pdf,COMED,"41' 48' 2.89"" (41.800801)","-87 43' 4.39"" (-87.717886)",3748 W 51ST ST,XXXX,33.0,,32.5,,,,11.75,,13.64,,,,13.6,,39.5,,6104c17ff8892d9346eb4698
470363,CHICAGO,CHPH32719_SCU-470363_Redlines-Node.pdf,COMED,41.798637,-87.717771,3747 ₩ 52ND ST,XXXX,34.0,,34.42,,,,13.62,,15.56,,,,15.48,,40.5,,6104b2baf8892d9346eb45db
470364,CHICAGO,CH3210BA_71LAB_Elevation_As_Built.pdf,COMED,"41' 48' 1.11"" (41.800308)","-87 39' 2.9"" (-87.650804)",5141 S CARPENTER ST,XXXX,37.0,,36.42,,22.5,,10.6,,10.6,,,,10.6,,43.42,,6104c0b5f8892d9346eb468e
470394,CHICAGO CITY,CHPH33001_SCU-470394_Redlines-Node.pdf,XXXX,"41' 54' 39.07"" N (41.910854)","87º 39' 32.56"" W (-87.659043)",1252 W. NORTH AVE.,XXXX,34.5,,,,,,23.5,,,,,,28.0,,,,6104aec6f8892d9346eb45ab
470397,CHICAGO CITY,CHPH33107_470397_NAT_Reviewed_Redline-Node.pdf,XXXX,"41' 53' 11.77"" N (41.886603)","87º 39' 25.14"" W (-87.656982)",1203 W. FULTON MARKET.,XXXX,34.5,,,,,,25.0,,,,,,30.0,,,,6104ae30f8892d9346eb45a4
470398,CHICAGO CITY,CHPH33108_SCU-470398_NAT_Reviewed_Redline-Node.pdf,XXXX,9999,9999,XXXX,XXXX,34.5,,,,,,23.5,,,,,,30.0,,,,6104cc20f8892d9346eb4718
470399,CHICAGO CITY,CHPH33115_SCU-470399_Redlines-Node.pdf,XXXX,9999,9999,XXXX,XXXX,34.5,,,,,,23.5,,,,,,30.0,,,,6104d1cff8892d9346eb4763
470437,CHICAGO CITY,CHPH33119_SCU-470437_Redlines-Node.pdf,XXXX,"41' 54' 57.91"" N (41.916087)","87º 38' 36.66"" W (-87.643517)",1845 N. LARRABEE ST.,XXXX,34.5,,,,,,23.5,,,,,,32.33,,,,6104d5f7f8892d9346eb4796
470470,CHICAGO,CHPH33206_SCU-470470_Redline-Node.pdf,COMED,41.923576,-87.738335,2334 N KENNETH AVE,XXXX,37.0,,37.42,,,,11.71,,9.52,,,,23.69,,,,6104ceabf8892d9346eb4739
470472,CHICAGO CITY,CHPH33193_SCU-470472_NAT_Reviewed_Redline-Node.pdf,XXXX,"41' 55' 01.15"" N (41.916986)","87º 44' 49.95"" W (-87.747210)",4826 W. ARMITAGE AVE.,XXXX,34.5,,,,,,23.5,,,,,,30.0,,,,6104b90cf8892d9346eb4631
470473,CHICAGO CITY,CHPH33195_SCU-470473_Redlines-Node.pdf,XXXX,"41' 54' 14.31"" N (41.903974)","87º 40' 02.24"" W (-87.667288)",1227 N. MILWAUKEE AVE.,XXXX,34.5,,,,,,23.5,,,,,,29.0,,,,6104b96df8892d9346eb4635
470474,CHICAGO,CH2283BA_31LAB_Elevation_As_Built_NAT_Redline.pdf,COMED,"41' 59' 56.38"" (41.998995)","-87 41' 47.78"" (-87.696607)",6452 N TALMAN AVE,XXXX,38.21,,35.83,,26.42,,14.33,,16.22,,,,16.19,,44.25,,6104cec0f8892d9346eb473a
470475,CHICAGO,CHPH33182_Node_elevation_As-Built.pdf,COMED,41.900143,-87.764996,1055 N CENTRAL AVE.,XXXX,34.33,,34.42,,,,18.0,,15.81,,,,58.9,,40.83,,6104d6fbf8892d9346eb47a2
470477,CHICAGO CITY,CHPH33184_SCU-470477_Redline-Node.pdf,XXXX,"41' 59' 20.24"" N (41.988954)","87º 39' 37.25"" W (-87.660346)",5868 N. BROADWAY ST.,XXXX,34.5,,,,,,23.5,,,,,,28.0,,,,6104be3df8892d9346eb4670
470483,CHICAGO,CHPH33174_Elevation_Redlines.pdf,COMED,9999,9999,XXXX,XXXX,33.75,,33.75,,,,13.75,,11.53,,,,13.02,,40.25,,6104bb0df8892d9346eb4648
470486,CHICAGO CITY,CHPH33196_SCU-470486_Redlines-Node.pdf,XXXX,"41' 54' 20.28"" N (41.905635)","87º 40' 11.58"" W (-87.669884)",1315 N. MILWAUKEE AVE.,XXXX,34.5,,,,,,23.5,,,,,,29.0,,,,6104c740f8892d9346eb46df
470499,CHICAGO,CHPH33230_CH2296BA_61LAB_NAT_Reviewed_As_Built-Node.pdf,COMED,"41' 58' 10.30"" (41.969527)","-87 42' 24.09"" (-87.706693)",4837 N TROY ST,XXXX,37.42,,37.83,,,,9.75,,11.64,,,,11.6,,44.0,,6104dabaf8892d9346eb47cf
470503,CHICAGO,CHPH33280_SCU-470503_Redlines-Node_Revision_5-21-2020.pdf,COMED,9999,9999,XXXX,XXXX,36.25,,34.42,,,,11.58,,13.52,,10.42,,13.44,,40.5,,6104d8d5f8892d9346eb47b8
470505,CHICAGO CITY,CHPH33285_SCU-470505_Redlines-Node.pdf,XXXX,"41' 53' 47.69"" N (41.896579)","87' 45' 55.92"" W (-87.765534)",901 N. CENTRAL AVE.,XXXX,34.5,,,,,,,,,,,,32.0,,,,6104c3bbf8892d9346eb46b4
470511,CHICAGO CITY,CHPH33292_470511_NAT_Reviewed_Redline-Node.pdf,XXXX,"41' 53' 12.16"" N (41.886711)","87' 38' 55.52"" W (-87.648754)",833 W. FULTON MARKET.,XXXX,34.5,,,,,,23.5,,,,,,30.0,,,,6104ae4bf8892d9346eb45a5
470513,CHICAGO,CHPH33297_SCU-470513_Red_Lines-Node.pdf,COMED,"41' 50' 14.00"" (41.837223)","-87 43' 50.27"" (-87.730632)",900 S HOMAN AVE,XXXX,33.5,,,,30.17,,11.75,,13.64,,,,13.6,,40.0,,6104b704f8892d9346eb4617
470516,CHICAGO,CHPH33222_SCU-470516_Redline-Node.pdf,COMED,41.956361,-87.682810,2136 W BELLE PLAINE AVE,XXXX,38.17,,34.79,,,,11.58,,13.52,,,,13.44,,45.0,,6104c2fef8892d9346eb46aa
470518,CHICAGO,CHPH33281_SCU-470518_Redlines-Node.pdf,COMED,41.915973,-87.720983,1916 N RIDGWAY AVE,XXXX,33.79,,34.38,,,,14.54,,16.5,,,,16.4,,40.83,,6104b7b8f8892d9346eb4620
470520,CHICAGO,CH2224BA_81LAB_Elevation_As_Built.pdf,COMED,"41' 51' 1.71"" (41.850475)","-87 41' 59.72"" (-87.699923)",2245 S SACRAMENTO AVE,XXXX,33.62,,34.08,,24.75,,15.25,,13.61,,,,15.19,,40.17,,6104d2ebf8892d9346eb4770
470531,CICERO,CHPH33252_SCU-470531_Redlines-Node.pdf,COMED,9999,9999,XXXX,XXXX,33.04,,,,,,9.75,,11.69,,,,11.6,,39.33,,6104b65ff8892d9346eb460f
470541,CHICAGO CITY,CH1410BA_21LAB_Elevation_As_Built.pdf,XXXX,"41' 56' 25.52"" N (41.940421)","87' 42' 45.70"" W (-87.712695)",3240 N. KIMBALL AVE.,XXXX,34.5,,,,,,23.5,,,,,,40.0,,,,6104b0fff8892d9346eb45c5
470545,CHICAGO CITY,CHPH33293_SCU-470545_NAT_Reviewed_Redline-Node.pdf,XXXX,9999,9999,XXXX,XXXX,,,,,,,23.5,,,,,,,,27.17,,6104d671f8892d9346eb479c
470552,EVANSTON,CH2299BA_81LAB_Elevation_As_Built.pdf,COMED,"42' 01' 30.97"" (42.025270)","-87 40' 47.16"" (-87.679766)",410 CALLAN AVE,XXXX,38.0,,,,25.67,,11.75,,13.64,,,,13.6,,44.58,,6104b544f8892d9346eb45ff
470553,CITY OF EVANSTON,CHPH30048_SCU-470553_Redlines-Node.pdf,XXXX,"42' 01' 10.22"" N (42.019507)","87º 40' 40.37"" W (-87.677882)",565 HOWARD ST.,XXXX,34.5,,,,,,23.5,,,,,,29.0,,,,6104b627f8892d9346eb460c
470554,CHICAGO,CH2230BA_81LAB_Elevation_As_Built.pdf,COMED,9999,9999,XXXX,XXXX,38.92,,39.17,,,,13.75,,11.53,,,,27.52,,,,6104b716f8892d9346eb4618
470556,CICERO,CHPH33253_SCU-470556_Redlines-Node.pdf,COMED,9999,9999,XXXX,XXXX,36.38,,,,,,16.79,,14.6,,,,23.9,,,,6104b9b7f8892d9346eb4638
470561,CHICAGO CITY,CHPH33302_SCU-470561_NAT_Reviewed_Redline-Node.pdf,XXXX,"41' 53' 04.78"" N (41.884661)","87º 39' 15.71"" W (-87.654363)",155 N. ABERDEEN ST.,XXXX,34.5,,,,,,23.5,,,,,,30.0,,,,6104d48ff8892d9346eb4786
470597,CHICAGO CITY,CH2231BA_61LAB_Elevation_NAT_Reviewed_As_Built.pdf,XXXX,"41' 50' 13.41"" N (41.837059)","87º 43' 06.16"" W (-87.718377)",3732 W. 31ST ST.,XXXX,34.5,,,,,,,,,,,,30.04,,,,6104b99ef8892d9346eb4637
470617,CHICAGO,CHPH33332_SCU-470617_Redlines-Node.pdf,COMED,9999,9999,XXXX,XXXX,33.08,,33.46,,,,16.38,,14.19,,,,23.85,,,,6104d92af8892d9346eb47bd
470624,CHICAGO,CHPH33341_SCU-470624_Redlines-Node.pdf,COMED,9999,9999,XXXX,XXXX,34.0,,34.29,,,,13.58,,11.4,,,,23.44,,,,6104b41af8892d9346eb45ed
470625,CHICAGO,CH2217BA_31LAB_Elevation_As_Built_NAT_Redline.pdf,COMED,"41' 55' 28.41"" (41.924557)","-87' 45' 30.25"" (-87.758401)",2413 N LOCKWOOD AVE,XXXX,33.17,,,,28.67,,11.75,,12.89,,,,12.85,,39.33,,6104d379f8892d9346eb4778
470628,CHICAGO,CHPH33346_SCU-470628_Redlines-Node.pdf,COMED,9999,9999,XXXX,XXXX,,,33.79,,,,12.92,,10.73,,8.67,,23.44,,,,6104b870f8892d9346eb4629
470640,TOWN OF CICERO,CHPH33398_470640_Redlines_Node.pdf,XXXX,9999,9999,XXXX,XXXX,34.5,,,,,,23.5,,,,,,,,,,6104bde9f8892d9346eb466c
470647,CHICAGO CITY,CHPH33406_SCU-470647_Redlines-Node.pdf,XXXX,"41' 52' 35.49"" N (41.876526)","87 38' 58.01"" W (-87.649447)",403 S. PEORIA ST.,XXXX,34.5,,,,,,23.5,,,,,,29.0,,,,6104cef0f8892d9346eb473d
470650,CHICAGO CITY,CHPH33412_SCU-470650_Redlines-Node.pdf,XXXX,"41' 58' 30.89"" N (41.975248)","87' 44' 53.97"" W (-87.748326)",4805 W. FOSTER AVE.,XXXX,34.5,,,,,,23.5,,,,,,30.0,,,,6104b986f8892d9346eb4636
470657,CHICAGO CITY,CHPH33430_SCU-470657_NAT_Reviewed_Redline-Node.pdf,XXXX,"41' 50' 17.47"" N (41.838185)","87º 38' 25.15"" W (-87.640319)",534 W. 31ST ST.,XXXX,34.5,,,,,,,,,,,,30.0,,,,6104c353f8892d9346eb46af
470686,CHICAGO,CHPH33473_470686Elevation_As_Built_NAT_Redline.pdf,COMED,9999,9999,XXXX,XXXX,34.25,,34.17,,24.25,,11.75,,13.64,,,,13.6,,40.75,,6104c2b3f8892d9346eb46a6
470688,CHICAGO,CH2302BA_11LAB_Elevation_NAT_Approved_As_Built.pdf,COMED,9999,9999,XXXX,XXXX,33.79,,,,,,12.0,,10.48,,,,12.02,,40.17,,6104cf8af8892d9346eb4744
470689,CHICAGO CITY,CHPH33480_SCU-470689_Redlines-Node.pdf,XXXX,"42' 00' 16.95"" N (42.004707)","87º 42' 12.78"" W (-87.703549)",2933 W. PRATT BLVD.,XXXX,34.5,,,,,,23.5,,,,,,29.0,,,,6104d949f8892d9346eb47bf
470690,CHICAGO CITY,CH2296BA_71LAB_Elevation_As_Built.pdf,XXXX,"41' 59' 25.58"" N (41.990439)","87º 42' 51.91"" W (-87.714418)",3406 W. PETERSON AVE.,XXXX,34.5,,,,,,,,,,,,30.0,,,,6104bdc0f8892d9346eb466a
470691,CHICAGO CITY,CHPH33482_SCU-470691_REDLINE-NODE.pdf,XXXX,"41' 59' 31.58"" N (41.992105)","87º 42' 50.85"" W (-87.714126)",3400 W. GLENLAKE AVE.,XXXX,34.5,,,,,,,,,,,,29.0,,,,6104b6d6f8892d9346eb4615
470698,CHICAGO CITY,CH2283BA_71LAB_Elevation_As_Built.pdf,XXXX,"41' 59' 52.12"" N (41.997811)","87º 40' 52.37"" W (-87.681214)",2023 W. DEVON AVE.,XXXX,34.5,,,,,,23.5,,,,,,29.0,,,,6104b218f8892d9346eb45d3
470706,CHICAGO CITY,CHPH33505_SCU-470706_Redlines-Node.pdf,XXXX,"41' 46' 48.37"" N (41.780103)","87 37' 18.74"" W (-87.621872)",102 E. 63RD ST.,XXXX,34.5,,,,,,23.5,,,,,,29.0,,,,6104d748f8892d9346eb47a5
470715,CHICAGO CITY,CHPH33516_SCU-470715_Redlines-Node.pdf,XXXX,"41' 55' 17.96"" N (41.921656)","87º 38' 37.32"" W (-87.643700)",2145 N. LARRABEE ST.,XXXX,34.5,,,,,,23.5,,,,,,30.0,,,,6104b1ebf8892d9346eb45d1
470723,XXXX,CHPH33525_SCU-470723_Redline-Node.pdf,XXXX,9999,9999,XXXX,XXXX,33.79,,33.5,,24.42,,10.33,,12.22,,,,12.19,,40.25,,6104d913f8892d9346eb47bb
470724,CHICAGO CITY,CHPH33526_470724_NAT_Reviewed_Redline-Node.pdf,XXXX,"41' 52' 51.03"" N (41.880841)","87 42' 37.72"" W ( 87.740477)|-87.710481",3351 W. MADISON ST.,XXXX,34.5,,,,,,23.5,,,,,,30.08,,,,6104d4a8f8892d9346eb4787
470733,CHICAGO,CHPH33604_SCU-470733_Redlines-Node.pdf,COMED,41.987689,-87.695076,5829 N TALMAN AVE,XXXX,34.04,,34.46,,,,10.42,,12.35,,,,12.27,,40.5,,6104cf64f8892d9346eb4742
470737,CHICAGO CITY,CHPH33616_SCU-470737_Redline-Node.pdf,XXXX,"41' 58' 59.63"" N (41.983230)","87' 41' 23.96"" W (-87.689990)",2410 W. BRYN MAWR AVE.,XXXX,34.5,,,,,,,,,,,,29.0,,,,6104b395f8892d9346eb45e6
470744,CHICAGO,CHPH33627_SCU-470744_Redline-Node.pdf,COMED,9999,9999,XXXX,XXXX,37.75,,37.17,,,,12.5,,10.31,,,,27.19,,,,6104d426f8892d9346eb4781
470746,CHICAGO,CH2263BA_51LAB_Elevation_As_Built.pdf,COMED,"41' 55' 23.03"" (41.923063)","-87 41' 01.98"" (-87.683883)",2227 W BELDEN AVE,XXXX,37.71,,37.08,,23.17,,10.0,,10.22,,,,20.85,,44.33,,6104b838f8892d9346eb4626
470747,CHICAGO,CHPH33631_SCU-470747_Redline-Node.pdf,COMED,"41' 57' 14.67"" (41.954075)","-87 45' 10.43"" (-87.752898)",4019 N LAWLER AVE,XXXX,33.54,,,,26.33,,10.5,,12.39,,,,12.35,,39.67,,6104bdb1f8892d9346eb4669
470748,CHICAGO,CH1511BA_71LAB_Elevation_As_Built.pdf,COMED,"41' 57' 24.06"" (41.956683)","-87 45' 6.29"" (-87.751748)",4164 N MILWAUKEE AVE,XXXX,36.08,,33.5,,,,13.75,,11.0,,,,13.02,,40.5,,6104b640f8892d9346eb460d
470751,CHICAGO,CHPH33532_SCU-470751_Redlines-Node.pdf,COMED,"41' 51' 24.14"" (41.856706)","-87 47' 34.32"" (-87.792865)",1632 EUCLID AVE,XXXX,33.33,,33.83,,,,11.33,,9.53,,,,10.6,,39.83,,6104d39bf8892d9346eb477a
470758,CICERO/COOK COUNTY,CHPH33541_470758_Elevation_NAT_Redlined_As-Built.pdf,COMED,41.850046,-87.749764,5006 WEST 22ND PL,XXXX,32.58,,,,,,15.75,,13.56,,,,15.02,,38.83,,6104cf0bf8892d9346eb473e
470771,CHICAGO CITY,CHPH33554_SCU-470771_Redline-Node.pdf,XXXX,"41' 52' 01.85"" N (41.867180)","87 46' 26.72"" W (-87.774090)",1101 S. AUSTIN BLVD.,XXXX,34.5,,,,,,23.5,,,,,,,,,,6104d567f8892d9346eb4791
470774,CHICAGO CITY,CHPH33559_SCU-470774_Redline-Node.pdf,XXXX,"41' 50' 03.87"" N (41.834408)","87º 39' 55.85"" W (-87.665515)",3237 S. ASHLAND AVE.,XXXX,34.5,,,,,,23.5,,,,,,29.0,,,,6104c60ff8892d9346eb46d1
470775,CHICAGO CITY,CH1362BA_11LAB_Elevation_As_Built_NAT_Redline.pdf,XXXX,"41' 49' 25.78"" N (41.823829)","87 41' 18.75"" W (-87.688542)",3837 S. ARCHER AVE.,XXXX,34.5,,,,,,23.5,,,,,,30.0,,,,6104b1cff8892d9346eb45d0
470779,CHICAGO,CHPH33568_Elevation_As_Built_NAT_Redline.pdf,COMED,"41' 48' 31.5"" (41.808751)","-87 41' 29.61"" (-87.691559)",4647 S WASHTENAW AVE,XXXX,33.5,,33.92,,,,12.5,,10.28,,9.75,,13.35,,40.0,,6104d688f8892d9346eb479d
470780,CHICAGO,CHPH33569_Elevation_NAT_Redlined_As-Built.pdf,COMED,"41' 48' 31.54"" (41.808760)","-87 41' 59.07"" (-87.699743)",4647 S WHIPPLE ST,XXXX,33.04,,33.08,,,,12.25,,10.03,,,,11.52,,39.25,,6104c18ef8892d9346eb4699
470782,CHICAGO,CHPH33571_SCU-470782_NAT_Redlined_As-Built.pdf,COMED,"41' 47' 44.34"" (41.795650)","-87 41' 18.00"" (-87.688333)",5632 S MAPLEWOOD AVE,XXXX,37.38,,37.42,,,,11.75,,9.53,,,,11.02,,43.58,,6104b482f8892d9346eb45f5
470784,CHICAGO,CHPH33574_Elevation_As_Built.pdf,COMED,9999,9999,XXXX,XXXX,29.75,,37.67,,26.5,,13.75,,11.0,,,,13.02,,45.0,,6104b357f8892d9346eb45e3
470790,CHICAGO,CHPH33584_SCU-470790_Redlines-Node.pdf,COMED,41.784420,-87.733283,5948 S KOSTNER AVE,XXXX,34.42,,35.04,,,,12.92,,10.73,,,,23.44,,,,6104d69bf8892d9346eb479e
470798,CHICAGO,CHPH33595_Elevation_As_Built.pdf,COMED,"41' 46' 13.96"" (41.770544)","-87 41' 15.54"" (-87.687650)",6744 S MAPLEWOOD AVE,XXXX,33.67,,,,27.0,,11.23,,11.22,,,,,,40.17,,6104dadbf8892d9346eb47d1
470813,CHICAGO CITY,CHPH33648_SCU-470813_Redlines-Node.pdf,XXXX,"41' 52' 39.99"" N (41.877774)","87º 43' 31.66"" W (-87.725461)",307 S. PULASKI RD.,XXXX,34.5,,,,,,23.5,,,,,,30.0,,,,6104d86ef8892d9346eb47b3
470822,CHICAGO CITY,CHPH33668_470822_REDLINE-NODE.pdf,XXXX,"41' 58' 40.60"" N (41.977945)","87º 40' 46.37"" W (-87.679547)",2000 W. BERWYN AVE.,XXXX,34.5,,,,,,23.5,,,,,,30.0,,,,6104bec2f8892d9346eb4676
470823,CHICAGO CITY,CHPH33667_470823_NAT_Redlined_As-Built.pdf,XXXX,"41' 56' 53.81"" N (41.948281)","87º 43' 39.16"" W (-87.727546)",3700 N. PULASKI RD.,XXXX,34.5,,,,,,23.5,,,,,,30.0,,,,6104c8cef8892d9346eb46f1
470826,CHICAGO,CHPH33677_SCU-470826_Redlines-Node.pdf,COMED,9999,9999,XXXX,XXXX,38.08,,38.58,,,,16.25,,14.06,,,,23.44,,,,6104b7a8f8892d9346eb461f
470832,CHICAGO CITY,CHPH33688_Elevation_As_Built_NAT_Redline.pdf,XXXX,"41' 54' 34.91"" N (41.909698)","87' 44' 56.65"" W (-87.749071)",4892 W. NORTH AVE.,XXXX,34.5,,,,,,,,,,,,30.0,,,,6104d4f7f8892d9346eb478b
470841,CHICAGO,CHPH33681_470841_REDLINE-NODE.pdf,COMED,42.013271,-87.670421,7252 N ASHLAND BLVD,XXXX,38.46,,38.38,,,,14.08,,16.02,,,,15.94,,44.75,,6104db1ff8892d9346eb47d4
470847,CHICAGO CITY,CHPH33703_470847_Redline-Node.pdf,XXXX,"41' 56' 17.18"" N (41.938106)","87º 46' 34.66"" W (-87.776294)",3152 N. AUSTIN AVE.,XXXX,34.5,,,,,,23.5,,,,,,29.0,,,,6104da8cf8892d9346eb47cd
470850,CHICAGO CITY,CH3210BA_81LAB_Elevation_As_Built_NAT_Redline.pdf,XXXX,9999,9999,705 W. 43RD ST.,XXXX,,,,,,,23.5,,,,,,,,29.48,,6104c83cf8892d9346eb46ea
470851,CHICAGO,CHPH33711_SCU-470851_Redline-Node.pdf,COMED,"41' 50' 9.19"" (41.835887)","-87 39' 32.25"" (-87.658959)",3206 S THROOP ST,XXXX,37.67,,37.92,,31.25,,13.75,,11.53,,,,13.02,,43.92,,6104b3eaf8892d9346eb45ea
470854,CHICAGO CITY,CHPH33715470854_Elevation_As-Built_NAT_Redline.pdf,XXXX,"41' 48' 59.27"" N (41.816465)","87º 37' 17.52"" W (-87.621534)",4302 S. INDIANA AVE.,XXXX,34.5,,,,,,23.5,,,,,,30.0,,,,6104db43f8892d9346eb47d6
470858,CHICAGO,CHPH33716_SCU-470858_NAT_Redlined_As-Built.pdf,COMED,9999,9999,XXXX,XXXX,39.08,,37.96,,,,10.12,,12.02,,7.0,,11.94,,44.08,,6104afc1f8892d9346eb45b6
470863,CHICAGO,CHPH33721_SCU-470863_REDLINE-NODE.pdf,COMED,9999,9999,XXXX,XXXX,34.08,,,,24.17,,11.33,,10.78,,,,12.17,,40.67,,6104d539f8892d9346eb478e
470866,CHICAGO CITY,CHPH33784_SCU-470866_NAT_Reviewed_Redline-Node.pdf,XXXX,"41' 49 45.46"" N (41.829295)","87º 37' 01.17"" W (-87.616993)",3567 S. DR. MARTIN LUTHER KING JR. DR.,XXXX,34.5,,,,,,,,,,,,29.0,,,,6104b93df8892d9346eb4633
470867,CHICAGO,CHPH33785_470867_Elevation_NAT_Reviewed_As-Built.pdf,COMED,41.964305,-87.719991,3645 W WILSON AVE,XXXX,29.17,,,,,,12.42,,13.62,,,,13.52,,35.67,,6104d80af8892d9346eb47ae
470872,CHICAGO,CHPH33790_SCU-470872_Redlines-Node.pdf,COMED,9999,9999,XXXX,XXXX,38.5,,,,,,14.5,,16.44,,,,16.35,,44.42,,6104b9c7f8892d9346eb4639
470885,CHICAGO,CH1432BA_21LAB_Elevation_As_Built_NAT_Redline.pdf,COMED,"41' 51' 30.11"" (41.858365)","-87 43' 42.22"" (-87.728395)",4125 W 16TH ST,XXXX,33.58,,33.5,,,,13.75,,12.06,,,,14.58,,39.83,,6104c86bf8892d9346eb46ec
470886,CHICAGO,CHPH33753_SCU-470886_NAT_Reviewed_Redlines-Node.pdf,COMED,9999,9999,XXXX,XXXX,33.75,,34.0,,,,11.33,,13.27,,,,13.19,,40.08,,6104c9bff8892d9346eb46fb
470888,CHICAGO,CHPH33756_Elevation_As_Built.pdf,COMED,41.775629,-87.693884,2828 ₩ 65TH ST,XXXX,33.96,,34.42,,,,10.67,,12.62,,,,12.52,,40.67,,6104c504f8892d9346eb46c3
470890,CHICAGO,CHPH33758_SCU-470890_Redlines-Node.pdf,COMED,41.781403,-87.690431,6147 S WASHTENAW AVE,XXXX,33.75,,33.5,,,,10.5,,12.44,,,,12.35,,39.92,,6104c7e7f8892d9346eb46e6
470895,CHICAGO,CHPH33736_SCU-470895_Redline-Node_NAT.pdf,COMED,9999,9999,XXXX,XXXX,38.0,,37.21,,,,15.67,,17.6,,8.17,,17.52,,45.0,,6104c2c1f8892d9346eb46a7
470896,CHICAGO,CHPH33739_470896_Redline-Node_NAT_Redline.pdf,COMED,"41' 50' 0.58"" (41.833495)","-87 41' 1.94"" (-87.683872)",3312 S CLAREMONT AVE,XXXX,34.08,,34.33,,,,13.75,,11.53,,,,13.0,,40.58,,6104d886f8892d9346eb47b4
470901,CHICAGO,CHPH33815_SCU-470901_Redlines-Node.pdf,COMED,41.957983,-87.724507,4211 N ELSTON AVE,XXXX,29.67,,,,,,10.67,,12.6,,,,12.52,,36.29,,6104ae84f8892d9346eb45a8
471115,CHICAGO,CHPH33771_SCU-471115_Redlines-Node.pdf,COMED,41.867751,-87.771109,1046 S MONITOR AVE,XXXX,33.75,,,,,,9.75,,11.69,,,,11.6,,40.42,,6104d2a3f8892d9346eb476c
471117,CHICAGO,CHPH33774_SCU-471117_Redlines-Node.pdf,COMED,41.884274,-87.671745,147 N WOOD ST,XXXX,38.75,,38.25,,,,19.46,,17.27,,,,28.69,,30.25,,6104da21f8892d9346eb47c9
471128,CHICAGO,CHPH33801_SCU-471128_Redlines-Node.pdf,COMED,9999,9999,XXXX,XXXX,36.33,,34.83,,,,11.17,,13.1,,,,13.02,,41.08,,6104c406f8892d9346eb46b8
471131,CHICAGO CITY,CHPH33823_471131_REDLINE-NODE.pdf,XXXX,"41' 59' 18.80"" N (41.988555)","87º 42' 49.83"" W (-87.713842)",5901 M. KIMBALL AVEL,XXXX,34.5,,,,,,,,,,,,30.0,,,,6104b1b5f8892d9346eb45cf
471146,CHICAGO CITY,CHPH33810_471146_Elevation_As-Built.pdf,XXXX,"41' 58' 10.59"" N (41.969607)","87º 41' 20.72"" W (-87.689088)",4834 N. WESTERN AVE.,XXXX,,,,,,,23.5,,,,,,25.0,,,,6104d520f8892d9346eb478d
471148,CHICAGO CITY,CH3171BA_11LAB_Elevation_As_Built.pdf,XXXX,"41' 56' 48.11"" N (41.946696)","87º 41' 10.63"" W (-87.686286)",2309 W. ADDISON ST.,XXXX,34.5,,,,,,23.5,,,,,,30.0,,,,6104af4ef8892d9346eb45b1
471154,CHICAGO CITY,CHPH33831_SCU-471154_Redline-Node.pdf,XXXX,9999,9999,XXXX,XXXX,34.5,,,,,,23.5,,,,,,30.0,,,,6104cd7cf8892d9346eb472a
471155,CHICAGO CITY,CHPH33832_471155_Redline-Node_NAT_Redline.pdf,XXXX,"41' 57' 38.00"" N (41.960557)","87º 46' 01.55"" W (-87.767096)",5556 W MONTROSE AVE.,XXXX,34.5,,,,,,23.5,,,,,,30.0,,,,6104cce2f8892d9346eb4722
471156,CHICAGO CITY,CHPH33833_SCU-471156_NAT_Reviewed_Redline-Node.pdf,XXXX,"41' 48' 47.18"" N (41.813104)","87' 36' 14.00"" W (-87.603888)",4501 S. DREXEL BLVD.,XXXX,34.5,,,,,,23.5,,,,,,30.0,,,,6104b9d8f8892d9346eb463a
471157,CHICAGO,CH3180BA_21LAB_Elevation_As_Bult_-_NAT_Approved_As_Built.pdf,COMED,9999,9999,XXXX,XXXX,33.17,,33.67,,,,12.92,,10.73,,,,23.44,,,,6104b828f8892d9346eb4625
471162,CHICAGO CITY,CHPH33851_SCU-471162_Redlines-Node.pdf,XXXX,9999,9999,XXXX,XXXX,34.5,,,,,,23.5,,,,,,29.0,,,,6104bf6cf8892d9346eb467f
471181,CHICAGO,CHPH33885_1441BA_71LAB_Elevation_NAT_Reviewed_As_Built.pdf,COMED,9999,9999,XXXX,XXXX,38.33,,38.67,,,,13.17,,10.98,,,,24.19,,,,6104b026f8892d9346eb45ba
471187,CHICAGO CITY,ee71e338-39a4-41ab-8011-1e12c51bc73d_-_NAT_Approved_As_Built.pdf,XXXX,9999,9999,XXXX,XXXX,34.5,,,,,,23.5,,,,,,29.0,,,,6104d0cdf8892d9346eb4757
471194,CHICAGO CITY,CHPH33857_SCU-471194_Redline-Node.pdf,XXXX,"41' 53' 13.55"" N (41.887097)","87º 45' 53.95"" W (-87.764985)",347 N. CENTRAL AVE.,XXXX,34.5,,,,,,23.5,,,,,,30.0,,,,6104c814f8892d9346eb46e8
471197,CHICAGO CITY,CHPH33861_SCU-471197_NAT_Reviewed_Redline-Node.pdf,XXXX,"41' 52' 49.55"" N (41.880432)","87º 44' 07.30"" W (-87.735362)",1-33 S. KOSTNER AVE.,XXXX,34.5,,,,,,23.5,,,,,,30.0,,,,6104b755f8892d9346eb461b
471200,CHICAGO CITY,CHPH33874_471200_REDLINE-NODE.pdf,XXXX,"41' 55' 12.74"" N (41.920206)","87 38' 28.46"" W (-87.641238)",2101 N. CLEVELAND AVE.,XXXX,34.5,,,,,,23.5,,,,,,30.0,,,,6104d6b0f8892d9346eb479f
471202,CHICAGO,CHPH33891_471202_Redline-Node.pdf,COMED,41.886936,-87.708752,3263 W CARROLL AVE,XXXX,38.38,,37.5,,,,9.33,,12.02,,,,11.94,,44.08,,6104c0a0f8892d9346eb468d
471206,CHICAGO,CHPH33900_SCU-471206_Redline-Node.pdf,COMED,41.921106,-87.738261,2212 N KENNETH AVE,XXXX,33.67,,,,,,13.0,,10.81,,,,23.85,,,,6104ba5ef8892d9346eb4640
471208,CHICAGO,CHPH33902_471208_Redline_-_Node.pdf,COMED,"41' 55' 17.23"" (41.921453)","-87 44' 57.38"" (-87.749273)",2228 N LAMON AVE,XXXX,33.33,,34.17,,,,11.92,,9.7,,,,11.19,,40.17,,6104b9f1f8892d9346eb463b
471221,CHICAGO CITY,CH2264BA_11LAB_Elevation_As_Built.pdf,XXXX,"41' 55' 23.53"" N (41.923203)","87º 41' 15.79"" W (-87.687720)",2252 N. WESTERN AVE.,XXXX,34.5,,,,,,23.5,,,,,,30.0,,,,6104b046f8892d9346eb45bc
471223,BERWYN/COOK COUNTY,CHPH33919_471223_NAT_Reviewed_Redline-Node.pdf,COMED,9999,9999,XXXX,XXXX,33.12,,33.17,,23.33,,14.17,,12.46,,,,13.4,,39.67,,6104cb81f8892d9346eb4710
471228,CHICAGO CITY,CHPH33925_471228_Elevation_As_Built_NAT_Redline.pdf,XXXX,9999,9999,XXXX,XXXX,28.5,,,,,,23.5,,,,,,28.5,,,,6104c2e6f8892d9346eb46a9
471232,CHICAGO,CH1362BA_71LAB_Elevation_NAT_Reviewed_As_Built.pdf,COMED,"41' 49' 42.25"" (41.828402)","-87 39' 56.36"" (-87.665656)",3610 S ASHLAND AVE,XXXX,38.67,,39.5,,,,13.75,,11.53,,,,26.85,,,,6104b31ff8892d9346eb45e0
471243,CHICAGO CITY,CHPH33937_471243_Redline-Node.pdf,XXXX,"42' 01' 09.52"" N (42.019310)","87º 41' 50.62"" W (-87.697393)",2701 HOWARD ST.,XXXX,34.5,,,,,,23.5,,,,,,30.0,,,,6104c167f8892d9346eb4697
471245,EVANSTON,CHPH33940_SCU-471245_Redlines-Node_-_NAT.pdf,COMED,9999,9999,XXXX,XXXX,36.71,,36.83,,,,13.08,,15.04,,8.33,,14.94,,42.92,,6104be85f8892d9346eb4673
471247,CHICAGO,CHPH33943_SCU-471247_NAT_Reviewed_Redline-Node.pdf,COMED,41.836233,-87.654168,1110 W 32ND ST,XXXX,34.17,,,,,,10.83,,12.77,,,,12.69,,40.33,,6104c3a6f8892d9346eb46b3
471249,CHICAGO CITY,CHPH33945_As_Built-Node_NAT_Redline.pdf,XXXX,"41' 50' 16.93"" N (41.838036)","87 37' 18.51"" W (-87.621808)",3107 S. INDIANA AVE.,XXXX,34.5,,,,,,23.5,,,,,,30.0,,,,6104b516f8892d9346eb45fd
471251,CHICAGO CITY,CH3193BA_11LAB_Elevation_As_Built_NAT_Redline.pdf,XXXX,"41' 50' 24.29"" N (41.840079)","87 37' 36.80"" W (-87.626890)",2962 S. STATE ST.,XXXX,34.5,,,,,,,,,,,,30.0,,,,6104d9f3f8892d9346eb47c7
471255,CHICAGO CITY,CHPH33954_SCU-471255_Redlines-Node.pdf,XXXX,"41' 52' 52.75"" N (41.881320)","87' 40' 52.93"" W (-87.681370)",2158 W. MADISON ST.,XXXX,,,,,,,23.5,,,,,,,,29.48,,6104c0eff8892d9346eb4691
471262,CHICAGO CITY,CHPH33965_SCU-471262_Redlines-Node.pdf,XXXX,"41' 55' 35.50"" N (41.926529)","87º 43' 01.03"" W (-87.716952)",2501 N. CENTRAL PARK AVE.,XXXX,34.5,,,,,,23.5,,,,,,29.0,,,,6104b7ccf8892d9346eb4621
471289,CICERO,CHPH33951_SCU-471289_Redlines-Node.pdf,COMED,9999,9999,XXXX,XXXX,33.56,,,,,,11.71,,9.52,,,,23.44,,,,6104b45bf8892d9346eb45f1
471293,CHICAGO,CHPH33962_SCU-471293_Redline-Node.pdf,COMED,"41' 54' 50.34"" (41.913984)","-87' 41' 38.62"" (-87.694061)",2646 W BLOOMINGDALE AVE,XXXX,,,,,,,11.75,,13.97,,8.42,,32.94,,,,6104b4cdf8892d9346eb45f9
471298,CHICAGO CITY,CHPH33970_Elevation_Redlines.pdf,XXXX,"41' 54' 14.26"" N (41.903961)","87º 46' 31.22"" W (-87.775338)",1301 N. AUSTIN BLVD.,XXXX,34.5,,,,,,23.5,,,,,,29.0,,28.0,,6104d7b0f8892d9346eb47aa
471311,CHICAGO,CHPH33975_SCU-471311_Redlines-Node.pdf,COMED,41.909466,-87.733940,1562 N KILDARE AVE,XXXX,34.0,,,,,,13.0,,10.81,,,,24.02,,,,6104ba73f8892d9346eb4641
471312,CHICAGO,CHPH33976_SCU-471312_Redlines-Node.pdf,COMED,9999,9999,XXXX,XXXX,,,36.12,,,,12.75,,10.56,,,,23.44,,,,6104b4dbf8892d9346eb45fa
471313,CHICAGO,CH1523BA_71LAB_Elevation_As_Built.pdf,COMED,41.912097,-87.729422,1712 N KARLOV AVE,XXXX,34.25,,34.62,,,,13.58,,11.4,,,,24.69,,,,6104bd00f8892d9346eb465f
471315,CHICAGO,CHPH33979_SCU-471315_Redlines-Node.pdf,COMED,9999,9999,XXXX,XXXX,34.88,,34.33,,,,12.5,,14.44,,,,14.35,,40.5,,6104b616f8892d9346eb460b
471345,CHICAGO CITY,CHPH34049_SCU-471345_Redlines-Node.pdf,XXXX,"41' 59' 25.28"" N (41.990356)","87º 41' 48.58"" W (-87.696827)",2657 W. PETERSON AVE.,XXXX,34.5,,,,,,23.5,,,,,,30.0,,,,6104b46af8892d9346eb45f3
471347,CHICAGO CITY,CH1514BA_21LAB_Elevation_As_Built.pdf,XXXX,9999,9999,XXXX,XXXX,34.5,,,,,,23.5,,,,,,29.0,,,,6104c675f8892d9346eb46d7
471348,CHICAGO CITY,CH1362BA_91LAB_Elevation_As_Built_NAT_Redline.pdf,XXXX,"41' 49' 19.10"" N (41.821973)","87º 41' 40.34"" W (-87.694540)",3925 S. CALIFORNIA AVE.,XXXX,34.5,,,,,,23.5,,,,,,30.0,,,,6104ca3cf8892d9346eb4701
471353,CHICAGO CITY,CHPH34061_SCU-471353_Redline-Node.pdf,XXXX,9999,9999,XXXX,XXXX,34.5,,,,,,23.5,,,,,,28.0,,,,6104baf5f8892d9346eb4647
471358,CHICAGO CITY,CHPH34069_SCU-471358_NAT_Reviewed_Redline-Node.pdf,XXXX,"41' 58' 59.70"" N (41.983249)","87º 41' 43.93"" W (-87.695537)",5600 N. LINCOLN AVE.,XXXX,34.5,,,,,,23.5,,,,,,30.0,,,,6104c211f8892d9346eb46a0
471361,CHICAGO CITY,CH3171BA_31LAB_Elevation_NAT_Reviewed_As_Built.pdf,XXXX,"41' 57' 10.73"" N (41.952980)","87º 41' 18.84"" W (-87.688568)",3924 N. WESTERN AVE.,XXXX,34.5,,,,,,,,,,,,30.0,,,,6104c085f8892d9346eb468c
471363,CHICAGO CITY,CHPH34071_SCU-471363_Redline-Node_NAT_Appoved.pdf,XXXX,"42' 01' 01.45"" N (42.017069)","87º 39' 54.87"" W (-87.665243)",900 W. FARGO AVE.,XXXX,34.5,,,,,,,,,,,,30.0,,,,6104b079f8892d9346eb45be
471369,CHICAGO,CHPH34077_SCU-471369_Redline-Node.pdf,COMED,41.964114,-87.761550,5337 W WILSON AVE,XXXX,34.9,,35.04,,,,10.42,,12.35,,,,12.27,,41.25,,6104be6ff8892d9346eb4672
471372,CHICAGO CITY,CHPH34080_SCU-471372_Redlines-Node.pdf,XXXX,"41' 58' 11.79"" N (41.969942)","87º 39' 17.72"" W (-87.654922)",4828 N. SHERIDAN RD.,XXXX,34.5,,,,,,23.5,,,,,,30.0,,,,6104c0d5f8892d9346eb4690
471381,CHICAGO CITY,CHPH34089_471381_Asbuilts.pdf,XXXX,"41' 52' 33.04"" N (41.875845)","87º 45' 17.31"" W (-87.754808)",325 S. LARAMIE AVE.,XXXX,34.5,,,,,,23.5,,,,,,30.0,,,,6104ccb9f8892d9346eb4720
471386,CHICAGO CITY,CHPH34094_471386_NAT_Reviewed_Redline-Node.pdf,XXXX,"41' 58' 26.22"" N (41.973951)","87º 41' 30.79"" W (-87.691886)",5077 N. LINCOLN AVE.,XXXX,34.5,,,,,,23.5,,,,,,30.0,,,,6104ce90f8892d9346eb4738
471389,CHICAGO CITY,CHPH34097_SCU-471389_Redline-Node.pdf,XXXX,"41' 59' 01.19"" N (41.983664)","87º 39' 37.34"" W (-87.660372)",5600 N. RIDGE AVE.,XXXX,34.5,,,,,,,,,,,,30.0,,,,6104cb36f8892d9346eb470d
471390,CHICAGO CITY,CHPH34098_SCU-471390_Redlines-Node.pdf,XXXX,"41' 58' 36.03"" N (41.976676)","87º 41' 32.96"" W (-87.692489)",5224 N. LINCOLN AVE.,XXXX,34.5,,,,,,23.5,,,,,,29.0,,,,6104ccfbf8892d9346eb4723
471394,CHICAGO,CHPH34102_SCU-471394_Redlines.pdf,COMED,9999,9999,XXXX,XXXX,34.33,,34.42,,,,10.58,,12.52,,,,12.44,,40.5,,6104c4b3f8892d9346eb46bf
471395,CHICAGO CITY,CHPH34103_471395_NAT_Redlined_As-Built.pdf,XXXX,"41' 52' 39.65"" N (41.877679)","87º 42' 38.88"" W (-87.710799)",221 S. HOMAN AVE.,XXXX,34.5,,,,,,23.5,,,,,,30.0,,,,6104bff6f8892d9346eb4686
471409,CHICAGO,CH1506BA_11LAB_Elevation_NAT_Reviewed_As_Built.pdf,COMED,41.951963,-87.721708,3736 W BYRON ST,XXXX,33.5,,33.5,,,,12.6,,10.42,,,,11.9,,40.0,,6104ae1df8892d9346eb45a3
471411,CHICAGO CITY,CH3171BA_41LAB_Elevation_NAT_Redlined_As-Built.pdf,XXXX,"41' 56' 41.85"" N (41.944958)","87º 42' 45.85"" W (-87.712736)",3510 N. KIMBALL AVE.,XXXX,34.5,,,,,,23.5,,,,,,30.0,,,,6104cb67f8892d9346eb470f
471414,CHICAGO CITY,CHPH34122_SCU-471414_Redline-Node_-_NAT_Revised_as_built.pdf,XXXX,"41' 55' 15.42"" N (41.920950)","87º 41' 14.56"" W (-87.687377)",2141 N. WESTERN AVE.,XXXX,34.5,,,,,,23.5,,,,,,29.0,,,,6104d8a4f8892d9346eb47b6
471417,CHICAGO CITY,CH3171BA_71LAB_Elevation_NAT_Reviewed_As_Built.pdf,XXXX,"41' 56' 22.13"" N (41.939481)","87º 40' 50.33"" W (-87.680648)",2059 W. BELMONT AVE.,XXXX,34.5,,,,,,23.5,,,,,,30.0,,,,6104cc90f8892d9346eb471e
471424,CHICAGO CITY,CHPH34132_SCU-471424_NAT_Redlined_As-Built.pdf,XXXX,"41' 57' 11.83"" N (41.953285)","87' 44' 40.32"" W ( 87.744532)",3955 N. KILPATRICK AVE.,XXXX,34.5,,,,,,23.5,,,,,,29.0,,,,6104bf02f8892d9346eb467a
471424,CHICAGO CITY,CHPH34132_SCU-471424_Redline-Node.pdf,XXXX,"41' 57' 11.83"" N (41.953285)","87' 44' 40.32"" W (-87.744532)",3955 N. KILPATRICK AVE.,XXXX,34.5,,,,,,23.5,,,,,,29.0,,,,6104db5bf8892d9346eb47d7
471429,CHICAGO,CHPH34139_SCU-471429_Redlines-Node.pdf,COMED,9999,9999,XXXX,XXXX,34.0,,34.33,,,,17.17,,14.96,,,,23.44,,,,6104c1b9f8892d9346eb469b
471431,CHICAGO CITY,CHPH34141_NAT_Redlined_As-Built.pdf,XXXX,"41' 52' 51.07"" N (41.880852)","87º 43' 40.97"" W (-87.728046)",4158 W. MADISON ST.,XXXX,34.5,,,,,,23.5,,,,,,30.0,,,,6104db07f8892d9346eb47d3
471432,CHICAGO CITY,CHPH34142_SCU-471432_Redline-Node.pdf,XXXX,9999,9999,XXXX,XXXX,34.5,,,,,,23.5,,,,,,,,,,6104af77f8892d9346eb45b3
471438,CHICAGO CITY,CHPH34150_471438_NAT_Reviewed_Redline-Node.pdf,XXXX,"41' 53' 12.06"" N (41.886684)","87º 39' 03.21"" W (-87.650890)",926 W. FULTON MARKET.,XXXX,34.5,,,,,,23.5,,,,,,29.29,,,,6104b724f8892d9346eb4619
471445,CHICAGO CITY,CH3173BA_71LAB_Elevation_NAT_Reviewed_As_Built.pdf,XXXX,"41' 57' 57.42"" N (41.965949)","87º 42' 29.90"" W (-87.708307)",4641 N. KEDZIE AVE.,XXXX,34.5,,,,,,,,,,,,30.0,,,,6104d45af8892d9346eb4784
471454,CHICAGO CITY,CHPH34169_Elevation_As_Built_NAT_Redline.pdf,XXXX,"41' 47' 37.94"" N (41.793872)","87º 41' 19.78"" W (-87.688827)",5443 S. ROCKWELL ST.,XXXX,,,,,,,23.5,,,,,,30.0,,,,6104d963f8892d9346eb47c0
471474,CHICAGO,CHPH34187_SCU-471474_Redline-Node.pdf,COMED,9999,9999,XXXX,XXXX,28.79,,,,,,12.67,,14.62,,,,14.52,,35.08,,6104bccff8892d9346eb465d
471478,CHICAGO,CHPH34191_SCU-471478_Redlines-Node.pdf,COMED,9999,9999,XXXX,XXXX,33.75,,34.04,,,,15.33,,13.15,,,,23.44,,,,6104c470f8892d9346eb46bc
471479,CHICAGO,CHPH34192_NodeDesign_NAT_Reviewed_Redline.pdf,COMED,"41' 48' 13.75"" (41.803820)","-87 44' 32.86"" (-87.742460)",4747 ₩ 49TH ST,XXXX,34.0,,34.0,,30.0,,13.75,,11.53,,9.42,,26.0,,,,6104bb72f8892d9346eb464d
471481,CHICAGO,CHPH34195_SCU-471481_REDLINE-NODE.pdf,COMED,41.916286,-87.729551,1930 N KARLOV AVE,XXXX,38.21,,39.0,,,,14.96,,16.9,,,,16.81,,45.33,,6104b204f8892d9346eb45d2
471485,CHICAGO,CHPH32364_SCU-471485_Redlines-Node.pdf,COMED,9999,9999,XXXX,XXXX,37.33,,30.83,,,,13.0,,11.53,,,,14.58,,38.29,,6104b2f7f8892d9346eb45de
471492,BERWYN,CHPH31273_SCU-471492_Redline-Node.pdf,COMED,9999,9999,XXXX,XXXX,32.71,,32.21,,,,13.83,,15.81,,,,15.69,,38.42,,6104d7a0f8892d9346eb47a9
471493,BERWYN,CHPH31274_SCU-471493_Redline-Node.pdf,COMED,9999,9999,XXXX,XXXX,33.71,,34.42,,,,15.08,,17.02,,,,16.94,,40.67,,6104d50ff8892d9346eb478c
471500,CICERO/COOK COUNTY,CHPH31284_471500_Redline-Node.pdf,COMED,9999,9999,XXXX,XXXX,47.08,,47.08,,,,18.17,,15.9,,,,17.44,,53.08,,6104b847f8892d9346eb4627
471537,CHICAGO CITY,CHPH30954_471537_Elevation_As-Built_NAT_Redline.pdf,XXXX,"41' 53' 08.34"" N (41.885649)","87º 45' 53.69"" W (-87.764914)",247 N. CENTRAL AVE.,XXXX,34.5,,,,,,23.5,,,,,,30.0,,,,6104c49bf8892d9346eb46be
471543,CHICAGO CITY,CHPH31075_471543_NAT_Reviewed_REDLINE-NODE.pdf,XXXX,"41' 53' 15.25"" N (41.887568)","87º 39' 42.04"" W (-87.661678)",338 N. OGDEN AVE.,XXXX,34.5,,,,,,23.5,,,,,,29.29,,28.58,,6104b56bf8892d9346eb4601
471545,CHICAGO CITY,CHPH31078_SCU-471545_NAT_Redlined_As-Built.pdf,XXXX,"41' 52' 59.53"" N (41.883202)","87' 40' 09.10"" W (-87.669196)",1657 W. WASHINGTON BLVD.,XXXX,34.5,,,,,,,,,,,,30.04,,30.08,,6104c417f8892d9346eb46b9
471546,CHICAGO,CHPH31079_471546_NAT_Redlined_As-Built.pdf,COMED,9999,9999,XXXX,XXXX,38.96,,33.58,,,,11.5,,9.72,,,,12.79,,45.08,,6104d257f8892d9346eb4768
471547,CHICAGO CITY,CHPH31080_471547_NAT_Redlined_As-Built.pdf,XXXX,"41' 53' 03.27"" N (41.884241)","87 40' 35.85"" W (-87.676624)",137 N. DAMEN AVE.,XXXX,34.5,,,,,,,,,,,,30.0,,,,6104d72ef8892d9346eb47a4
471548,CHICAGO CITY,CHPH31082_471548_NAT_Redlined_As-Built.pdf,XXXX,"41' 52' 55.75"" N (41.882153)","87' 40' 37.46"" W (-87.677071)",2005 W. WARREN BLVD.,XXXX,34.5,,,,,,,,,,,,30.0,,,,6104c14ff8892d9346eb4696
471549,CHICAGO,CHPH31083_471549_NAT_Redlined_As-Built.pdf,COMED,"41' 53' 0.9"" (41.883582)","-87 40' 44.38"" (-87.678994)",113 N HOYNE AVE,XXXX,38.5,,38.0,,,,13.75,,11.53,,,,13.02,,45.0,,6104c5fdf8892d9346eb46d0
471550,CHICAGO,CHPH31086_SCU-471550_NAT_Redlined_As-Built.pdf,COMED,9999,9999,XXXX,XXXX,39.42,,39.08,,28.08,,22.83,,23.0,,,,22.92,,45.92,,6104bfc9f8892d9346eb4684
471553,CHICAGO,CHPH30650_SCU-471553_Redlines-Node.pdf,COMED,9999,9999,XXXX,XXXX,34.0,,34.33,,,,10.92,,12.85,,,,12.77,,40.5,,6104b8e3f8892d9346eb462f
471556,CHICAGO CITY,CHPH30831_Elevation_Redlines-Node_NAT_Redline.pdf,XXXX,"41' 54' 33.13"" N (41.909204)","87 46' 13.37"" W (-87.770381)",5747 W. NORTH AVE.,XXXX,34.5,,,,,,,,,,,,30.0,,,,6104beeaf8892d9346eb4679
471564,CHICAGO,CHPH31081_471564_NAT_Redlined_As-Built.pdf,COMED,41.877636,-87.671397,1754 W JACKSON BLVD,XXXX,43.67,,44.21,,,,12.96,,10.77,,,,34.1,,35.67,,6104c430f8892d9346eb46ba
471565,CHICAGO CITY,CHPH31087_SCU-471565_Redline-Node_NAT_Redline.pdf,XXXX,"41' 52' 53.79"" N (41.881609)","87º 39' 43.77"" W (-87.662157)",1362 W. MADISON ST.,XXXX,34.5,,,,,,23.5,,,,,,30.0,,,,6104c1a0f8892d9346eb469a
471566,CHICAGO CITY,CHPH31106_471566_NAT_Reviewed_Redline-Node.pdf,XXXX,"41' 52' 40.72"" N (41.877979)","87º 38' 58.93"" W (-87.649704)",238 S. PEORIA ST.,XXXX,34.5,,,,,,,,,,,,30.0,,,,6104d094f8892d9346eb4753
471568,CHICAGO CITY,CHPH30700_SCU-471568_Redline-Node.pdf,XXXX,"41' 55' 29.39"" N (41.924831)","87' 42' 26.96"" W (-87.707489)",2402 N. KEDZIE BLVD.,XXXX,34.5,,,,,,23.5,,,,,,29.0,,,,6104d5c5f8892d9346eb4794
471571,CHICAGO,CHPH30759_SCU-471571_Redline-Node_NAT_Redline.pdf,COMED,41.919051,-87.734501,4342 W DICKENS AVE,XXXX,34.08,,,,28.38,,14.17,,11.9,,,,15.0,,40.75,,6104d34ff8892d9346eb4776
471576,CHICAGO,CHPH30983_SCU-471576_Redlines-Node.pdf,COMED,9999,9999,XXXX,XXXX,36.08,,33.5,,,,13.75,,11.53,,8.75,,13.02,,40.5,,6104cee1f8892d9346eb473c
471587,CHICAGO CITY,CHPH30783_471587_Redlines-Node_-_As_Built.pdf,XXXX,"41' 55' 30.85"" N (41.925236)","87º 41' 51.04"" W (-87.697511)",2410 N. CALIFORNIA AVE.,XXXX,34.5,,,,,,23.5,,,,,,28.0,,,,6104cfcaf8892d9346eb4748
471589,CHICAGO,CHPH30786_SCU-471589_Redlines-Node.pdf,COMED,9999,9999,XXXX,XXXX,34.0,,31.46,,,,12.92,,10.73,,,,24.44,,,,6104c9aef8892d9346eb46fa
471590,CHICAGO,CHPH30787_SCU-471590_Redline-Node_-_NAT_Approved_As_Built.pdf,COMED,41.923442,-87.695309,2311 N WASHTENAW AVE,XXXX,33.75,,33.75,,,,10.92,,12.85,,,,12.77,,40.0,,6104cc7bf8892d9346eb471d
471593,CHICAGO,CHPH30803_SCU-471593_Redlines-Node.pdf,COMED,41.926448,-87.698094,2813 W ALTGELD STREET,XXXX,37.17,,37.25,,,,13.25,,15.19,,,,15.1,,43.17,,6104c855f8892d9346eb46eb
471594,CHICAGO CITY,CHPH30804_SCU-471594_Redlines-Node.pdf,XXXX,"41' 55' 45.14"" N (41.929207)","87º 41' 50.80"" W (-87.697446)",2601 N. CALIFORNIA AVE.,XXXX,34.5,,,,,,23.5,,,,,,29.0,,,,6104d224f8892d9346eb4766
471595,CHICAGO,CHPH30805_471595_Redline-Node.pdf,COMED,41.921741,-87.71259,3409 W LYNDALE ST,XXXX,38.33,,33.17,,,,12.71,,10.52,,,,12.0,,40.83,,6104c243f8892d9346eb46a2
471596,CHICAGO,CHPH30806_SCU-471596_Redline-Node_-_NAT_Approved_As_Built.pdf,COMED,"41' 55' 13.94"" (41.920540)","-87 42' 49.83"" (-87.713842)",2140 N ST LOUIS AVE,XXXX,38.0,,38.0,,,,13.75,,11.53,,,,25.69,,,,6104c36cf8892d9346eb46b0
471599,CHICAGO,CHPH30812_SCU-471599_Redlines-Node.pdf,COMED,9999,9999,XXXX,XXXX,37.96,,,,25.08,,10.17,,12.1,,,,12.02,,44.08,,6104d083f8892d9346eb4752
471603,CHICAGO CITY,CHPH30817_SCU-471603_Redline-Node.pdf,XXXX,9999,9999,XXXX,XXXX,34.5,,,,,,23.5,,,,,,28.0,,,,6104ba05f8892d9346eb463c
471604,CHICAGO,CHPH30818_SCU-471604_NAT_Redlined_As-Built.pdf,COMED,"41' 54' 40.79"" (41.911331)","-87 43' 23.85"" (-87.723291)",3847 W WABANSIA AVE,XXXX,39.21,,39.17,,25.33,,10.83,,12.72,,,,12.69,,46.17,,6104be97f8892d9346eb4674
471605,CHICAGO,CHPH30819_471605_Redline-Node_NAT_Redline.pdf,COMED,"41' 54' 41.8"" (41.911612)","-87 42' 56.69"" (-87.715748)",3563 W WABANSIA AVE,XXXX,34.54,,,,24.42,,11.75,,13.64,,7.5,,13.6,,41.5,,6104d900f8892d9346eb47ba
471607,CHICAGO,CHPH30821_SCU-471607_Redline-Node.pdf,COMED,9999,9999,XXXX,XXXX,38.5,,38.79,,,,17.21,,15.02,,,,25.15,,,,6104c519f8892d9346eb46c4
471612,CHICAGO,CHPH30827_SCU-471612_Redlines-Node.pdf,COMED,9999,9999,XXXX,XXXX,33.75,,,,,,11.0,,12.94,,,,12.85,,36.0,,6104b2cff8892d9346eb45dc
471613,CHICAGO,CHPH30858_471613_Redline-Node.pdf,COMED,41.897462,-87.736219,4400 W IOWA ST,XXXX,36.29,,34.29,,,,16.25,,14.81,,,,16.27,,40.5,,6104cf79f8892d9346eb4743
471616,CHICAGO,CHPH30862_Elevation_Redlines.pdf,COMED,9999,9999,XXXX,XXXX,37.0,,38.79,,,,10.92,,12.85,,,,12.77,,45.0,,6104b0eef8892d9346eb45c4
471618,CHICAGO,CHPH30864_SCU-471618_Redlines-Node.pdf,COMED,9999,9999,XXXX,XXXX,35.75,,34.29,,,,10.08,,12.02,,,,11.94,,40.5,,6104dacaf8892d9346eb47d0
471619,CHICAGO CITY,CHPH30865_Elevation_As-Built-Node.pdf,XXXX,"41' 54' 08.27"" N (41.902298)","87' 43' 34.97"" W (-87.726381)",1050 N. PULASKI RD.,XXXX,34.5,,,,,,,,,,,,30.08,,,,6104c6a2f8892d9346eb46d9
471620,CHICAGO,CHPH30866_SCU-471620_Redline-Node.pdf,COMED,"41' 54' 8.15"" (41.902265)","-87 43' 45.6"" (-87.729333)",1150 N KARLOV AVE,XXXX,37.21,,,,24.58,,12.17,,9.78,,,,13.17,,42.67,,6104ce3ff8892d9346eb4734
471623,CHICAGO,CHPH30871_NAT_Redlined_As-Built.pdf,COMED,41.893503,-87.711956,658 N HOMAN AVE,XXXX,39.67,,38.17,,,,10.0,,11.94,,,,11.85,,45.75,,6104c9e3f8892d9346eb46fc
471624,CHICAGO,CHPH30872_471624_Asbuilts_NAT_Redline.pdf,COMED,9999,9999,XXXX,XXXX,33.79,,,,,,13.83,,11.65,,,,13.1,,39.92,,6104d473f8892d9346eb4785
471632,CHICAGO CITY,CHPH30980_471632_Asbuilts_NAT_Redline.pdf,XXXX,"41' 52' 56.15"" N (41.882264)","87º 45' 31.22"" W (-87.758673)",5323 W. WASHINGTON BLVD.,XXXX,34.5,,,,,,23.5,,,,,,30.0,,,,6104c6d4f8892d9346eb46db
471633,CHICAGO CITY,CHPH30984_Elevation_As_Built_NAT_Redline.pdf,XXXX,"41' 53' 07.90"" N (41.885527)","87º 45' 18.59"" W (-87.755164)",230 N. LARAMIE AVE.,XXXX,34.5,,,,,,23.5,,,,,,30.0,,,,6104d3fff8892d9346eb477f
471636,CHICAGO CITY,CHPH30994_SCU-471636_Redlines-Node.pdf,XXXX,"41' 52' 36.54"" N (41.876817)","87º 44' 33.23"" W (-87.742564)",4657 W. JACKSON BLVD.,XXXX,34.5,,,,,,23.5,,,,,,0.0,,,,6104c22bf8892d9346eb46a1
471640,CHICAGO CITY,CHPH30998_SCU-471640_Redlines-Node.pdf,XXXX,"41' 52' 29.34"" N (41.874817)","87º 44' 42.61"" W (-87.745168)",400 S. CICERO AVE.,XXXX,34.5,,,,,,23.5,,,,,,30.0,,,,6104ba98f8892d9346eb4643
471657,CICERO,CHPH31018_SCU-471657_Redlines-Node.pdf,COMED,41.854630,-87.768269,1846 S 57TH CT,XXXX,34.0,,34.33,,,,15.25,,13.06,,9.5,,24.44,,,,6104da0df8892d9346eb47c8
471660,BERWYN,CHPH31028_471660_Redline-Node.pdf,COMED,9999,9999,XXXX,XXXX,32.58,,32.75,,,,10.17,,12.1,,,,12.02,,38.92,,6104bd2df8892d9346eb4661
471674,BERWYN,CHPH31059_SCU-471674_Redlines-Node.pdf,COMED,41.830009,-87.783153,3418 RIDGELAND AVE,XXXX,34.0,,33.5,,,,13.0,,10.81,,,,24.44,,,,6104c917f8892d9346eb46f4
471687,CHICAGO,CHPH31269_471687_NAT_Redlined_As-Built.pdf,COMED,41.838506,-87.729831,4213 W 30TH ST,XXXX,34.0,,33.67,,,,13.33,,11.15,,,,23.08,,23.17,,6104b4b9f8892d9346eb45f8
471689,CICERO,CHPH31271_SCU-471689_Redlines-Node.pdf,COMED,9999,9999,XXXX,XXXX,33.0,,33.29,,,,14.58,,16.52,,,,16.44,,39.5,,6104bda0f8892d9346eb4668
471693,CHICAGO,CHPH31304_SCU-471693_NAT_Reviewed_Redline-Node.pdf,COMED,9999,9999,XXXX,XXXX,38.0,,38.0,,,,17.67,,15.48,,,,25.02,,,,6104bf35f8892d9346eb467c
471716,BERWYN,CHPH31024_SCU-471716_Redline-Node.pdf,COMED,9999,9999,XXXX,XXXX,29.5,,,,,,9.75,,11.69,,,,11.6,,36.0,,6104bdd8f8892d9346eb466b
471718,CICERO,CHPH31054_471718_Redlines-Node.pdf,COMED,41.844270,-87.778393,2521 S LOMBARD AVE,XXXX,29.5,,,,,,12.58,,14.52,,,,14.44,,36.0,,6104b813f8892d9346eb4624
471722,CICERO/COOK COUNTY,CHPH31258_471722_Elevaton_As-Built.pdf,COMED,41.850206,-87.744833,4813 ₩ 22ND PL,XXXX,29.75,,,,,,16.75,,13.96,,,,16.02,,35.17,,6104b5d1f8892d9346eb4607
471723,CHICAGO,CHPH31303_SCU-471723_Redlines-Node.pdf,COMED,"41' 54' 56.13"" (41.915591)","-87 42' 4.32"" (-87.701200)",2947 W CORTLAND ST,XXXX,34.0,,,,28.75,,11.75,,13.64,,,,13.6,,39.83,,6104da79f8892d9346eb47cc
471741,BERWYN,CHPH31298_SCU-471741_Redline-Node.pdf,COMED,9999,9999,XXXX,XXXX,32.88,,,,,,13.04,,15.0,,,,14.9,,40.17,,6104b346f8892d9346eb45e2
471779,CHICAGO,CH2321BA_91LAB_Elevation_As_Built_NAT_Redline.pdf,COMED,9999,9999,XXXX,XXXX,33.08,,,,,,13.58,,11.17,,,,13.25,,39.5,,6104d1bcf8892d9346eb4762
471811,CHICAGO,CHPH32354_471811_NAT_Reviewed_Redline-Node.pdf,COMED,"41' 46' 50.86"" (41.780793)","-87' 43' 55.21"" (-87.732003)",6147 S KOSTNER AVE,XXXX,33.92,,34.12,,,,11.75,,9.53,,,,24.19,,,,6104cca9f8892d9346eb471f
471812,CHICAGO,CHPH32357_Elevation_As_Built_NAT_Redline.pdf,COMED,"41' 47' 4.26"" (41.784518)","-87 43' 33.60"" (-87.725999)",5945 S KEDVALE AVE,XXXX,39.21,,39.75,,,,13.75,,12.06,,,,14.58,,46.0,,6104b77cf8892d9346eb461d
471820,CHICAGO,CH1371BA_61LAB_Elevation_As_Built_NAT_Redline.pdf,COMED,9999,9999,XXXX,XXXX,34.21,,,,,,10.42,,12.35,,,,12.27,,40.33,,6104c073f8892d9346eb468b
471823,CHICAGO CITY,CHPH32031_471823_Redline-Node_NAT_Redline.pdf,XXXX,"41' 45' 29.87"" N (41.758297)","87 37' 03.23"" W (-87.617563)",317 E. 75TH ST.,XXXX,34.5,,,,,,,,,,,,30.0,,,,6104d6c9f8892d9346eb47a0
471833,CHICAGO,CHPH32336_Elevation_As_Built.pdf,COMED,9999,9999,XXXX,XXXX,28.75,,28.79,,,,10.75,,12.69,,,,12.6,,35.17,,6104be2cf8892d9346eb466f
TBD,CHICAGO,CHPH34133_SCU-471425_Redlines-Node.pdf,COMED,9999,9999,XXXX,XXXX,38.67,,37.96,,,,11.58,,13.52,,,,13.44,,45.0,,6104b672f8892d9346eb4610
TBD,CHICAGO,CHPH33696_SCU-470838_Redlines-Node.pdf,COMED,9999,9999,XXXX,XXXX,35.29,,34.58,,,,10.83,,12.77,,,,12.69,,40.5,,6104b0ddf8892d9346eb45c3
XXXX,XXXX,CH1362BA_41LAB_Elevation_As_Built.pdf,XXXX,"41' 49' 46.46"" N (41.829572)","87º 40' 43.66"" W (-87.678793)",3541 S. ARCHER AVE.,XXXX,34.5,,,,,,23.5,,,,,,30.0,,,,6104bbbbf8892d9346eb4651
XXXX,XXXX,CHPH33754_SCU-470887_Redlines-Node.pdf,XXXX,"41' 45' 18.51"" N (41.755142)","87º 34' 34.12"" W (-87.576145)",7700 S. JEFFERY AVE.,XXXX,34.5,,,,,,23.5,,,,,,28.0,,,,6104caedf8892d9346eb470a
XXXX,CHICAGO,CHPH33972_SCU-471299_Redlines-Node.pdf,COMED,"41' 57' 39.69"" (41.961024)",9999,XXXX,XXXX,38.5,,38.0,,29.42,,11.33,,11.55,,,,25.88,,,,6104c759f8892d9346eb46e0
XXXX,XXXX,CH1361BA_71LAB_Elevation_As_Built.pdf,XXXX,"41' 49' 30.88"" N (41.825246)","87º 40' 30.21"" W (-87.675057)",3749 S. DAMEN AVE.,XXXX,34.5,,,,,,23.5,,,,,,30.0,,,,6104d193f8892d9346eb4760
XXXX,CHICAGO,CHPH33898_SCU-471185_Redline-Node.pdf,COMED,"41' 47' 59.50"" (41.799862)",9999,XXXX,XXXX,34.0,,34.0,,,,13.25,,11.05,,,,24.44,,,,6104b881f8892d9346eb462a
XXXX,XXXX,CH1360BA_81LAB_Elevation_NAT_Redlined_As-Built.pdf,XXXX,"41' 49' 22.92"" N (41.823033)","87º 40' 27.54"" W (-87.674316)",2011 W. PERSHING RD.,XXXX,34.5,,,,,,23.5,,,,,,30.0,,,,6104aef8f8892d9346eb45ad
XXXX,"41' 46' 16.21"" N (41.771166)",CHPH34037_SCU-471324_NAT_Redlined_As-Built.pdf,XXXX,9999,9999,XXXX,XXXX,34.5,,,,,,23.5,,,,,,,,,,6104aedff8892d9346eb45ac
XXXX,XXXX,CHPH32315_469733_NAT_Reviewed_Redline-Node.pdf,XXXX,"41' 49' 30.89"" N (41.825248)","87 38' 28.26"" W (-87.641182)",3802 S. WALLACE ST.,XXXX,34.5,,,,,,,,,,,,29.54,,,,6104ce27f8892d9346eb4733
XXXX,CHICAGO CITY,CHPH31220_SCU-469943_Redlines-Nodes.pdf,XXXX,9999,9999,XXXX,XXXX,34.5,,,,,,23.5,,,,,,29.0,,,,6104b186f8892d9346eb45cd
XXXX,XXXX,CHPH33722_470864_Redlines-Node.pdf,XXXX,"42' 00' 43.47"" N (42.012074)","87 41' 41.70"" W (-87.694915)",7157 N. ROCKWELL ST.,XXXX,34.5,,,,,,,,,,,,29.0,,,,6104c00ff8892d9346eb4687
XXXX,CHICAGO,CH1360BA_11LAB_CHPH32449_As_Built-Node.pdf,COMED,"41' 49' 36.21"" (41.826726)",9999,XXXX,XXXX,34.0,,33.5,,,,13.75,,11.53,,,,14.5,,39.42,,6104d839f8892d9346eb47b0
XXXX,XXXX,CH1362BA_31LAB_Elevation_NAT_Reviewed_As_Built.pdf,XXXX,"41' 49' 39.19"" N (41.827552)","87º 40' 55.50"" W (-87.682084)",3647 S. ARCHER AVE.,XXXX,34.5,,,,,,23.5,,,,,,30.0,,,,6104bc9df8892d9346eb465b
XXXX,XXXX,CH3178BA_51LAB_Elevation_As_Built_NAT_Redline.pdf,XXXX,"41' 55' 54.60"" N (41.934004)","87º 46' 52 51"" W ( 87.784254)",6206 W. DIVERSEY AVE.,XXXX,34.5,,,,,,23.5,,,,,,30.0,,,,6104b553f8892d9346eb4600
XXXX,CHICAGO,CHPH30758_SCU-470033_Redlines-Node.pdf,COMED,"41' 54' 59.82"" N (41.916618)",9999,XXXX,XXXX,33.96,,34.5,,,,10.75,,13.04,,,,13.0,,40.42,,6104b4a8f8892d9346eb45f7
XXXX,CHICAGO,CH3149BA_81LAB_As_Built.pdf,COMED,"41' 50' 11.57"" (41.836547)",9999,XXXX,XXXX,38.58,,38.08,,25.92,,13.25,,11.03,,,,12.52,,44.0,,6104c288f8892d9346eb46a4
XXXX,XXXX,CHPH30120_469339_NAT_Approved_Redline-Node.pdf,XXXX,"41' 59' 40.17"" N (41.994493)","87º 39' 38.16"" W (-87.660600)",1206 W. GRANVILLE AVE.,XXXX,34.5,,,,,,,,,,,,30.0,,,,6104d5def8892d9346eb4795
XXXX,CHICAGO,CHPH32344_NodeDesign-Signed_REDLINED.pdf,COMED,"41' 48' 7.13"" (41.801981)",9999,XXXX,XXXX,34.0,,33.5,,,,13.75,,11.53,,,,23.94,,,,6104ce7df8892d9346eb4737
XXXX,XXXX,CH1345BA_91LAB_Elevation_As_Built_NAT_Redline.pdf,XXXX,"41' 54' 30.01"" N (41.911085)","87' 45' 55 60"" W ( 87.765469)",1652 N. CENTRAL AVE.,XXXX,34.5,,,,,,,,,,,,30.0,,,,6104b3c1f8892d9346eb45e8
XXXX,XXXX,CH2225BA_21LAB_Elevation_As_Built.pdf,XXXX,"41' 51' 06.58"" N (41.851827)","87º 41' 35.04"" W (-87.693066)",2200 S. WASHTENAW AVE.,XXXX,34.5,,,,,,,,,,,,30.0,,,,6104bb8ff8892d9346eb464f
XXXX,XXXX,CHPH32263_469689_REDLINE-NODE.pdf,XXXX,"41' 48' 32.74"" N (41.809094)","87' 36' 59.28"" W (-87.616467)",4707 S. DR. MARTIN LUTHER KING JR. DR.,XXXX,34.5,,,,,,,,,,,,30.0,,,,6104bd40f8892d9346eb4662
XXXX,XXXX,CHPH33411_SCU-470649_Redline-Node.pdf,XXXX,"41' 57' 32.02"" N (41.958896)","87º 45' 26.07"" W (-87.757242)",4301 N. LARAMIE AVE.,XXXX,34.5,,,,,,23.5,,,,,,29.25,,,,6104c5d5f8892d9346eb46ce
XXXX,CITY OF CHICAGO,CHPH33422_SCU-470654_Redlines-Node.pdf,XXXX,41.811392,-87.597728,XXXX,XXXX,,,,,,,,,,,,,15.25,,24.0,,6104c7d9f8892d9346eb46e5
XXXX,XXXX,CH1425BA_41LAB_Elevation_NAT_Reviewed_As_Built.pdf,XXXX,"41' 57' 42.03"" N (41.961675)","87 40' 04.30"" W (-87.667862)",4400 N. GREENVIEW AVE.,XXXX,34.5,,,,,,23.5,,,,,,30.0,,,,6104d760f8892d9346eb47a6
